source,topic,decay_rate,half_life_days,r2,n_obs,avg_tone,first_date,year
abc,"TAX_DISEASE_CORONAVIRUS,552",5.5562479101097764e-05,12475.094556143564,0.0344183565699967,7,,2020-01-18 11:30:00,2020
abc,"TAX_ECON_PRICE,1995",5.6527214766772836e-05,12262.185275177982,0.0698460460143917,6,,2020-06-06 09:30:00,2020
abc,"TAX_ECON_PRICE,545",7.817176464920576e-05,8866.976249934096,0.2515014607809002,5,,2016-06-01 19:00:00,2016
abc,"TAX_ETHNICITY_AMERICAN,128",0.00012173832254999026,5693.746767993402,0.7482822277626799,5,,2016-05-29 18:00:00,2016
abc,"TAX_ETHNICITY_ARAB,18",9.24212740858543e-06,74998.66101348586,0.045012427135557864,150,,2016-09-05 14:15:00,2016
abc,"TAX_ETHNICITY_ASIAN,20",0.000706372834668158,981.2766665716613,0.26661285947529456,15,,2020-03-09 05:30:00,2020
abc,"TAX_ETHNICITY_BLACK,922",8.703386259577834e-05,7964.1091396714255,0.15691055108135676,5,,2016-02-29 02:00:00,2016
abc,"TAX_ETHNICITY_CHINESE,22",2.9669549280957036e-05,23362.241670615185,0.044900448241768864,19,,2020-01-06 12:15:00,2020
abc,"TAX_ETHNICITY_FRENCH,20",3.4355462508597284e-05,20175.748773182393,0.06503574681232482,19,,2020-01-07 15:30:00,2020
abc,"TAX_ETHNICITY_GERMAN,13",7.359835326445997e-06,94179.71324294023,0.011154848563403097,40,,2016-02-10 14:45:00,2016
abc,"TAX_ETHNICITY_GERMAN,6",5.215570124893126e-35,1.3289959946117086e+34,0.0,30,,2016-04-22 05:45:00,2016
abc,"TAX_FNCACT_ACTIVISTS,972",0.00010009457953024888,6924.922246668453,0.18669060359580325,5,,2016-07-10 07:45:00,2016
abc,"TAX_FNCACT_ATTORNEY,653",7.54410033388392e-05,9187.936929294432,0.2718342557077471,5,,2016-06-15 04:00:00,2016
abc,"TAX_FNCACT_AUTHORITIES,19",9.015790705836047e-36,7.688146311019193e+34,0.0,36,,2016-02-25 23:30:00,2016
abc,"TAX_FNCACT_AUTHORITIES,200",1.203969492550936e-05,57571.822612492026,0.01026736671840689,10,,2016-11-16 21:45:00,2016
abc,"TAX_FNCACT_AUTHORITIES,508",5.115446160868565e-05,13550.082607892291,0.20591810594637738,7,,2016-02-16 23:45:00,2016
abc,"TAX_FNCACT_AUTHORITIES,543",4.3086844475199235e-05,16087.211514385102,0.11315122085659979,6,,2016-03-25 20:30:00,2016
abc,"TAX_FNCACT_AUTHORITIES,557",9.834162345606297e-05,7048.360157178301,0.18845380255254163,5,,2016-06-01 09:15:00,2016
abc,"TAX_FNCACT_AUTHORITIES,741",1.6416912229590088e-05,42221.53172693501,0.011613619923611207,7,,2016-11-25 17:15:00,2016
abc,"TAX_FNCACT_DIRECTOR,12",3.9352959842592186e-05,17613.597130494458,0.12505016293029847,8,,2016-05-01 19:30:00,2016
abc,"TAX_FNCACT_JUDGE,15",2.9938747807858664e-06,231521.7673793291,0.005063594720632558,62,,2016-04-21 23:30:00,2016
abc,"TAX_FNCACT_JUDGE,228",0.00012029091341926133,5762.257188488158,0.8295991052370929,7,,2016-03-25 20:30:00,2016
abc,"TAX_FNCACT_JUDGE,30",1.5555059256989777e-35,4.456088331829882e+34,0.0,25,,2016-05-10 21:00:00,2016
abc,"TAX_FNCACT_JUDGE,32",2.1130593078203763e-35,3.2803015892390054e+34,0.0,25,,2016-02-02 21:00:00,2016
abc,"TAX_FNCACT_LEADERS,1570",0.00012304846680351832,5633.123260826572,0.7931315458720221,5,,2016-07-08 09:00:00,2016
abc,"TAX_FNCACT_MAN,14",3.50496606001433e-36,1.9776145294745344e+35,0.0,35,,2016-03-03 15:30:00,2016
abc,"TAX_FNCACT_MAN,8",6.793049265522454e-35,1.0203770846738224e+34,0.0,30,,2016-01-01 18:45:00,2016
abc,"TAX_FNCACT_MINISTER,392",0.00012790110044390277,5419.39966235051,0.8071395891197926,5,,2016-07-02 21:15:00,2016
abc,"TAX_FNCACT_MINISTER,800",0.00011507996716927106,6023.178469806091,0.22890254097340956,5,,2016-07-02 21:15:00,2016
abc,"TAX_FNCACT_OFFICERS,518",0.00012240032016886976,5662.952348520363,0.5642068671778051,6,,2016-03-11 21:15:00,2016
abc,"TAX_FNCACT_OFFICIALS,1116",9.756869429869537e-05,7104.196541135978,0.4462256896390634,9,,2016-06-12 18:15:00,2016
abc,"TAX_FNCACT_OFFICIALS,14",1.231494002692554e-05,56285.063430633,0.022317304547012307,20,,2016-06-09 11:30:00,2016
abc,"TAX_FNCACT_OFFICIALS,1607",3.7087320717288914e-05,18689.5997649359,0.08588900365810015,6,,2016-03-31 19:00:00,2016
abc,"TAX_FNCACT_OFFICIALS,1689",4.29137598060171e-05,16152.096290168369,0.10993959062590586,5,,2016-01-04 15:00:00,2016
abc,"TAX_FNCACT_OFFICIALS,1765",1.8535724414524943e-05,37395.20317947661,0.01590110389259991,7,,2016-07-06 23:45:00,2016
abc,"TAX_FNCACT_OFFICIALS,1777",4.1147565819483326e-05,16845.39939982892,0.1292124454903305,9,,2016-05-11 19:00:00,2016
abc,"TAX_FNCACT_OFFICIALS,2459",0.00010717474833665316,6467.448641751491,0.5122186734819456,7,,2016-07-04 17:45:00,2016
abc,"TAX_FNCACT_OFFICIALS,368",5.4382786650229184e-05,12745.709134363091,0.0662798348503496,7,,2016-04-11 08:00:00,2016
abc,"TAX_FNCACT_OFFICIALS,419",0.00011817317803730627,5865.520349644185,0.5932774889931316,6,,2016-07-07 15:15:00,2016
abc,"TAX_FNCACT_OFFICIALS,707",4.8416732627253824e-05,14316.273382102865,0.17500781675046995,6,,2016-05-04 00:30:00,2016
abc,"TAX_FNCACT_OFFICIALS,809",6.755409906008774e-05,10260.62356250814,0.29483112432165426,6,,2016-04-23 20:00:00,2016
abc,"TAX_FNCACT_OFFICIALS,9",8.017553994976602e-06,86453.6966005139,0.005439035476256127,49,,2016-04-19 00:15:00,2016
abc,"TAX_FNCACT_OFFICIALS,965",7.731169381564492e-05,8965.618865016755,0.07736601532018794,5,,2020-03-06 07:15:00,2020
abc,"TAX_FNCACT_POLICE,1109",7.153652260061865e-06,96894.16753309601,0.003715127999380119,8,,2016-02-12 09:15:00,2016
abc,"TAX_FNCACT_POLICE,1113",3.9689089915641914e-05,17464.426169337992,0.12589278274997162,9,,2016-07-06 16:45:00,2016
abc,"TAX_FNCACT_POLICE,1183",4.865254418170625e-05,14246.884561086823,0.17698810879892735,5,,2016-05-13 18:00:00,2016
abc,"TAX_FNCACT_POLICE,123",1.0142387129681328e-05,68341.62132615459,0.0039572471510607166,6,,2016-07-28 23:30:00,2016
abc,"TAX_FNCACT_POLICE,160",1.561316758625193e-35,4.439503878574207e+34,0.0,29,,2016-01-20 08:15:00,2016
abc,"TAX_FNCACT_POLICE,18",1.62373261972048e-35,4.268850500024248e+34,0.0,27,,2016-02-02 09:30:00,2016
abc,"TAX_FNCACT_POLICE,32",1.1857894725155528e-35,5.84544893192121e+34,0.0,25,,2016-01-21 07:30:00,2016
abc,"TAX_FNCACT_POLICE,35",1.5343847825152602e-35,4.517427365407618e+34,0.0,25,,2016-03-30 12:45:00,2016
abc,"TAX_FNCACT_POLICE,36",1.742938340047165e-35,3.9768887093343094e+34,0.0,29,,2016-01-11 08:00:00,2016
abc,"TAX_FNCACT_POLICE,403",2.6385606126970157e-05,26269.897959684997,0.04414031263856466,11,,2016-03-17 00:30:00,2016
abc,"TAX_FNCACT_POLICE,417",3.138756016344026e-05,22083.49986270396,0.10114209653753303,10,,2016-06-09 11:30:00,2016
abc,"TAX_FNCACT_POLICE,493",2.022253833563502e-05,34275.973127395206,0.06904525914942905,20,,2016-01-11 15:00:00,2016
abc,"TAX_FNCACT_POLICE,50",3.5916929204816606e-05,19298.620341601792,0.12974853990364887,12,,2016-01-29 14:30:00,2016
abc,"TAX_FNCACT_POLICE,6",4.9128419615452046e-36,1.4108884144564141e+35,0.0,150,,2016-04-18 22:30:00,2016
abc,"TAX_FNCACT_POLICE,736",7.337763220936468e-05,9446.30072802327,0.32430094301506107,6,,2016-06-29 16:00:00,2016
abc,"TAX_FNCACT_POLICE,811",2.9066969110106568e-05,23846.55854328267,0.10625810981443762,14,,2016-02-19 13:30:00,2016
abc,"TAX_FNCACT_POLICE,812",3.4508297103180087e-05,20086.391933146675,0.14393879105420904,13,,2016-07-06 16:45:00,2016
abc,"TAX_FNCACT_POLICE,904",8.068969644053937e-05,8590.281177606472,0.17711469716137085,6,,2016-02-05 05:45:00,2016
abc,"TAX_FNCACT_POLICE,91",2.362576805024599e-05,29338.609398255237,0.08016130807778721,12,,2016-04-11 15:30:00,2016
abc,"TAX_FNCACT_PRESIDENT,1132",3.157598641811708e-05,21951.71898611675,0.1292040129192148,11,,2016-01-01 15:00:00,2016
abc,"TAX_FNCACT_PRESIDENT,1269",1.855706607234847e-05,37352.19661651098,0.02159075033725233,9,,2016-04-13 20:00:00,2016
abc,"TAX_FNCACT_PRESIDENT,1302",5.8547551374782644e-05,11839.046455126298,0.17852162344479672,7,,2016-01-07 12:30:00,2016
abc,"TAX_FNCACT_PRESIDENT,1367",3.962899521850664e-05,17490.909793146795,0.18484045669657612,11,,2016-01-13 00:30:00,2016
abc,"TAX_FNCACT_PRESIDENT,151",2.1160321589090626e-06,327569.30353898916,0.0005572746692473762,24,,2016-05-23 10:00:00,2016
abc,"TAX_FNCACT_PRESIDENT,155",1.0441720139305839e-05,66382.47063821665,0.009611386815495337,10,,2016-04-28 19:15:00,2016
abc,"TAX_FNCACT_PRESIDENT,1750",6.480487852395229e-05,10695.910498524487,0.06731976263419204,6,,2020-03-02 11:00:00,2020
abc,"TAX_FNCACT_PRESIDENT,20",3.06825709650856e-36,2.2590909391155432e+35,0.0,34,,2016-01-01 23:45:00,2016
abc,"TAX_FNCACT_PRESIDENT,208",2.6698959845104105e-06,259615.7994848067,0.0005078506724438547,9,,2016-05-04 14:30:00,2016
abc,"TAX_FNCACT_PRESIDENT,2083",6.109684785074439e-05,11345.056331764588,0.1895898128558563,6,,2016-06-02 00:45:00,2016
abc,"TAX_FNCACT_PRESIDENT,210",2.783406143309838e-05,24902.840076931843,0.11219705246282297,11,,2016-01-15 07:45:00,2016
abc,"TAX_FNCACT_PRESIDENT,2198",7.914858200065707e-05,8757.543888204984,0.2655268147948089,5,,2016-04-04 21:30:00,2016
abc,"TAX_FNCACT_PRESIDENT,2263",3.76451021923863e-05,18412.678946057793,0.07652686966543343,5,,2016-07-11 06:45:00,2016
abc,"TAX_FNCACT_PRESIDENT,2413",0.00011501512570242449,6026.574125157296,0.66864854431181,6,,2016-07-02 21:15:00,2016
abc,"TAX_FNCACT_PRESIDENT,242",7.99110837336266e-05,8673.980481486935,0.3264603243364388,10,,2016-06-26 13:45:00,2016
abc,"TAX_FNCACT_PRESIDENT,2769",4.748682394122232e-05,14596.621189446169,0.22268945465993428,8,,2016-06-05 14:15:00,2016
abc,"TAX_FNCACT_PRESIDENT,28",1.0860612566602514e-05,63822.10729912631,0.013873647879886986,22,,2016-07-28 23:45:00,2016
abc,"TAX_FNCACT_PRESIDENT,30",9.402603260179196e-06,73718.64593026924,0.011831371152320247,21,,2016-02-12 07:00:00,2016
abc,"TAX_FNCACT_PRESIDENT,36",1.7933798046537797e-35,3.8650328210524295e+34,0.0,28,,2016-06-26 06:45:00,2016
abc,"TAX_FNCACT_PRESIDENT,37",6.784717241241748e-35,1.0216301666141131e+34,0.0,31,,2016-03-22 22:45:00,2016
abc,"TAX_FNCACT_PRESIDENT,42",1.8690245824356424e-35,3.708603873238853e+34,0.0,28,,2016-02-24 05:45:00,2016
abc,"TAX_FNCACT_PRESIDENT,433",6.766197251389728e-05,10244.265054755504,0.282018677468992,8,,2016-07-08 09:00:00,2016
abc,"TAX_FNCACT_PRESIDENT,453",1.2077375740114263e-06,573922.0137514637,0.00011199714075160738,11,,2016-04-15 02:15:00,2016
abc,"TAX_FNCACT_PRESIDENT,467",4.909331966251754e-05,14118.97148786944,0.24371694096382868,9,,2016-06-08 05:15:00,2016
abc,"TAX_FNCACT_PRESIDENT,53",2.346567583103233e-05,29538.769117541822,0.09978214293426024,22,,2016-03-04 20:30:00,2016
abc,"TAX_FNCACT_PRESIDENT,586",2.9045796129437285e-05,23863.94153119651,0.11102346942908226,13,,2016-04-13 14:00:00,2016
abc,"TAX_FNCACT_PRESIDENT,708",3.9257529329025396e-05,17656.41374806185,0.14921873477826664,12,,2016-06-08 05:15:00,2016
abc,"TAX_FNCACT_PRESIDENT,825",0.00015523124067075514,4465.255689285559,0.402468272834955,5,,2020-09-19 08:45:00,2020
abc,"TAX_FNCACT_PRESIDENT,858",9.609412833995134e-05,7213.21055234306,0.48584442694967767,9,,2016-06-26 13:45:00,2016
abc,"TAX_FNCACT_PRESIDENT,9",4.975124210889216e-06,139322.58797535778,0.016165353007589367,137,,2016-04-22 17:00:00,2016
abc,"TAX_FNCACT_PRESIDENT,987",3.3450955388313045e-05,20721.296970851665,0.15405038670097027,12,,2016-05-18 18:15:00,2016
abc,"TAX_FNCACT_VICTIMS,574",7.45419689936745e-05,9298.75062220002,0.2399612274480557,5,,2016-04-27 12:30:00,2016
abc,"TAX_FNCACT_WOMAN,7",1.6363417710115457e-35,4.23595603827591e+34,0.0,27,,2016-04-22 16:15:00,2016
abc,"TAX_FNCACT_WOMEN,563",7.219799934638398e-05,9600.642494737791,0.35217730663316005,7,,2016-05-24 15:00:00,2016
abc,"TAX_MILITARY_TITLE_OFFICERS,518",0.00012256849727466877,5655.182171375108,0.5893165173986401,5,,2016-03-11 21:15:00,2016
abc,"TAX_POLITICAL_PARTY_REPUBLICAN,1293",6.137415899442127e-05,11293.795172377846,0.34057642686386125,5,,2016-01-13 23:15:00,2016
abc,"TAX_WORLDLANGUAGES_CHINESE,22",2.9669549280957036e-05,23362.241670615185,0.044900448241768864,19,,2020-01-06 12:15:00,2020
abc,"TAX_WORLDLANGUAGES_FRENCH,20",3.39469603496418e-05,20418.534484995773,0.06747673921275865,20,,2020-01-07 15:30:00,2020
abc,"TAX_WORLDLANGUAGES_GERMAN,13",7.4523879387525025e-06,93010.07760956351,0.011695098667191206,41,,2016-02-10 14:45:00,2016
abc,"TAX_WORLDLANGUAGES_GERMAN,6",5.215570124893126e-35,1.3289959946117086e+34,0.0,30,,2016-04-22 05:45:00,2016
abc,"TAX_WORLDLANGUAGES_KANSAS,6",1.6315516567206124e-35,4.248392490086142e+34,0.0,27,,2016-04-20 07:45:00,2016
fox,"TAX_DISEASE_CORONAVIRUS,128",0.0004447867913932192,1558.3807657344753,0.1487190377495926,8,,2020-02-27 23:15:00,2020
fox,"TAX_DISEASE_CORONAVIRUS,181",0.00015529128214589896,4463.529252780082,0.01846037957336555,16,,2020-03-10 17:00:00,2020
fox,"TAX_DISEASE_CORONAVIRUS,38",9.160717972085826e-05,7566.515885240389,0.0013855875115982297,894,,2020-01-23 17:00:00,2020
fox,"TAX_DISEASE_CORONAVIRUS,44",0.000182561640917828,3796.7843467836415,0.00873424415787838,71,,2020-02-27 16:00:00,2020
fox,"TAX_ETHNICITY_AMERICAN,8",3.3277676758228793e-35,2.0829193864579086e+34,0.0,29,,2016-04-21 23:30:00,2016
fox,"TAX_FNCACT_ACTOR,5",1.9975773910718654e-35,3.469939055467656e+34,0.0,28,,2016-05-09 15:00:00,2016
fox,"TAX_FNCACT_AUTHORITIES,11",6.439384128125961e-36,1.0764184381118296e+35,0.0,51,,2016-04-22 15:45:00,2016
fox,"TAX_FNCACT_DIRECTOR,576",7.075276206851631e-05,9796.750830571224,0.22972633008498833,5,,2016-02-03 14:00:00,2016
fox,"TAX_FNCACT_JUDGE,5",1.0602257327579132e-35,6.537732099341671e+34,0.0,26,,2016-05-26 19:45:00,2016
fox,"TAX_FNCACT_LEADER,22",3.315032592623533e-06,209092.1163497175,0.0005436957780120544,29,,2016-09-07 03:00:00,2016
fox,"TAX_FNCACT_MAN,5",1.34134812369409e-35,5.167541284144858e+34,0.0,78,,2016-07-27 13:00:00,2016
fox,"TAX_FNCACT_MAYOR,19",1.2330314282884106e-05,56214.883469930144,0.011589524167747944,20,,2016-12-13 15:30:00,2016
fox,"TAX_FNCACT_MINISTER,746",5.4170331278920994e-05,12795.697648422281,0.04054774434195385,5,,2016-04-21 13:15:00,2016
fox,"TAX_FNCACT_PRESIDENT,100",5.188407016149162e-36,1.3359537491998835e+35,0.0,25,,2016-04-09 17:30:00,2016
fox,"TAX_FNCACT_PRESIDENT,102",1.1167421108489233e-35,6.206868835930524e+34,0.0,34,,2016-01-02 16:45:00,2016
fox,"TAX_FNCACT_PRESIDENT,103",2.5003614520567046e-35,2.772187917030108e+34,0.0,27,,2016-02-23 12:15:00,2016
fox,"TAX_FNCACT_PRESIDENT,107",1.465712400953433e-35,4.72908041242647e+34,0.0,37,,2016-04-02 16:30:00,2016
fox,"TAX_FNCACT_PRESIDENT,115",1.5085238771995845e-35,4.5948704626850185e+34,0.0,28,,2016-01-05 02:45:00,2016
fox,"TAX_FNCACT_PRESIDENT,116",5.989047345098651e-36,1.1573579913793917e+35,0.0,26,,2016-02-13 17:15:00,2016
fox,"TAX_FNCACT_PRESIDENT,133",3.0693642220545094e-35,2.258276080692634e+34,0.0,28,,2016-07-19 20:15:00,2016
fox,"TAX_FNCACT_PRESIDENT,135",2.009558757838998e-35,3.4492506270646648e+34,0.0,26,,2016-03-30 16:45:00,2016
fox,"TAX_FNCACT_PRESIDENT,144",1.699974577712583e-35,4.0773973308037115e+34,0.0,25,,2016-02-12 16:45:00,2016
fox,"TAX_FNCACT_PRESIDENT,147",7.828038822571578e-36,8.854672240016313e+34,0.0,26,,2016-01-13 23:45:00,2016
fox,"TAX_FNCACT_PRESIDENT,152",4.1241254066910887e-36,1.680713150563669e+35,0.0,25,,2016-01-16 07:00:00,2016
fox,"TAX_FNCACT_PRESIDENT,154",1.3211735328733646e-35,5.246450699420603e+34,0.0,26,,2016-08-02 04:45:00,2016
fox,"TAX_FNCACT_PRESIDENT,163",6.535383697070747e-35,1.0606067106214801e+34,0.0,31,,2016-01-15 18:00:00,2016
fox,"TAX_FNCACT_PRESIDENT,17",3.666203175005345e-36,1.8906403913605653e+35,0.0,25,,2016-02-16 19:45:00,2016
fox,"TAX_FNCACT_PRESIDENT,170",1.7660967700657843e-35,3.9247406614878e+34,0.0,36,,2016-07-01 20:00:00,2016
fox,"TAX_FNCACT_PRESIDENT,177",4.7951519034600493e-35,1.445516627032794e+34,0.0,31,,2016-06-24 02:00:00,2016
fox,"TAX_FNCACT_PRESIDENT,178",9.163906840032683e-36,7.5638828794278e+34,0.0,26,,2016-04-13 14:00:00,2016
fox,"TAX_FNCACT_PRESIDENT,193",8.276833721669217e-36,8.374545192870637e+34,0.0,27,,2016-01-28 18:00:00,2016
fox,"TAX_FNCACT_PRESIDENT,197",2.687415557976168e-35,2.579233340012137e+34,0.0,27,,2016-04-07 12:30:00,2016
fox,"TAX_FNCACT_PRESIDENT,200",1.6276348086376285e-35,4.258616102835298e+34,0.0,27,,2016-05-14 05:15:00,2016
fox,"TAX_FNCACT_PRESIDENT,201",2.2702699233647564e-35,3.0531487618557494e+34,0.0,27,,2016-02-16 16:15:00,2016
fox,"TAX_FNCACT_PRESIDENT,203",5.653219877820684e-35,1.226110421212121e+34,0.0,28,,2016-02-12 17:15:00,2016
fox,"TAX_FNCACT_PRESIDENT,213",1.006424718569823e-35,6.887223333951298e+34,0.0,30,,2016-09-14 20:15:00,2016
fox,"TAX_FNCACT_PRESIDENT,222",1.4390721251609234e-35,4.816625716257513e+34,0.0,26,,2016-01-11 04:30:00,2016
fox,"TAX_FNCACT_PRESIDENT,310",1.9192802189356124e-35,3.6114954644004425e+34,0.0,26,,2016-01-25 17:45:00,2016
fox,"TAX_FNCACT_PRESIDENT,44",1.237721472906424e-35,5.600187083547105e+34,0.0,26,,2016-01-13 16:15:00,2016
fox,"TAX_FNCACT_PRESIDENT,48",1.9964633992950873e-35,3.471875220976664e+34,0.0,36,,2016-03-17 13:30:00,2016
fox,"TAX_FNCACT_PRESIDENT,56",4.601198653119061e-35,1.5064491512229635e+34,0.0,28,,2016-04-13 14:00:00,2016
fox,"TAX_FNCACT_PRESIDENT,57",7.472654999083361e-36,9.275781909441433e+34,0.0,39,,2016-02-27 13:15:00,2016
fox,"TAX_FNCACT_PRESIDENT,64",4.3125016282045094e-36,1.6072972031515129e+35,0.0,35,,2016-01-04 21:30:00,2016
fox,"TAX_FNCACT_PRESIDENT,640",3.6078643670187614e-05,19212.118584510546,0.09601037362195741,14,,2016-03-30 16:45:00,2016
fox,"TAX_FNCACT_PRESIDENT,68",1.3568093843469405e-35,5.108655560291329e+34,0.0,25,,2016-01-06 04:45:00,2016
fox,"TAX_FNCACT_PRESIDENT,687",3.8991384281947395e-05,17776.93183570467,0.15815227823002742,11,,2016-03-10 19:45:00,2016
fox,"TAX_FNCACT_PRESIDENT,69",1.2909395002069177e-35,5.369323507792925e+34,0.0,28,,2020-01-18 19:15:00,2020
fox,"TAX_FNCACT_PRESIDENT,89",4.824717855175698e-35,1.436658476964356e+34,0.0,29,,2016-01-10 21:15:00,2016
fox,"TAX_FNCACT_PRESIDENT,95",3.0100383606999356e-35,2.302785205696731e+34,0.0,28,,2016-04-01 07:30:00,2016
fox,"TAX_FNCACT_PRESIDENT,96",4.137055487133128e-36,1.6754601979976785e+35,0.0,25,,2016-03-21 08:15:00,2016
fox,"TAX_FNCACT_PRINCE,6",1.649800070118712e-05,42014.0108558772,0.045167851888787136,42,,2016-07-23 20:45:00,2016
fox,"TAX_FNCACT_SPEAKER,13",1.8121111392461837e-35,3.8250809541863206e+34,0.0,47,,2016-05-09 17:15:00,2016
fox,"TAX_POLITICAL_PARTY_REPUBLICAN,10",1.906123139137572e-35,3.636423934675913e+34,0.0,70,,2016-04-26 23:15:00,2016
fox,"TAX_POLITICAL_PARTY_REPUBLICAN,259",6.598938998256102e-05,10503.918595748844,0.3016161798873137,5,,2016-03-28 15:30:00,2016
fox,"TAX_WORLDMAMMALS_FOX,101",9.200559253201489e-35,7.533750519771426e+33,0.0,30,,2016-05-03 18:30:00,2016
fox,"TAX_WORLDMAMMALS_FOX,14",2.4678821534239936e-35,2.808672122363127e+34,0.0,43,,2016-07-14 01:00:00,2016
fox,"TAX_WORLDMAMMALS_FOX,141",2.411672180523616e-35,2.874135158823497e+34,0.0,26,,2016-12-15 22:30:00,2016
fox,"TAX_WORLDMAMMALS_FOX,147",2.9842561372372934e-35,2.322679919832999e+34,0.0,25,,2016-02-24 05:45:00,2016
fox,"TAX_WORLDMAMMALS_FOX,19",4.110669542096278e-05,16862.14796547396,0.1454120485043594,24,,2016-02-20 05:30:00,2016
fox,"TAX_WORLDMAMMALS_FOX,282",5.834599390495937e-05,11879.944691473123,0.12873197990060392,11,,2020-03-04 16:00:00,2020
fox,"TAX_WORLDMAMMALS_FOX,51",8.21514013815867e-06,84374.35867226805,0.002542590243209797,124,,2016-03-01 23:15:00,2016
fox,"TAX_WORLDMAMMALS_FOX,58",4.420677481544383e-35,1.5679659587330748e+34,0.0,31,,2016-07-01 10:00:00,2016
fox,"TAX_WORLDMAMMALS_FOX,62",8.705073201601768e-05,7962.565787871875,0.582570871332412,11,,2016-02-21 05:00:00,2016
fox,"TAX_WORLDMAMMALS_FOX,8",0.0007185449080519,964.6539454843366,0.019504697631402834,841,,2024-01-22 17:30:00,2024
fox,"TAX_WORLDMAMMALS_FOX,90",1.7646857251122688e-05,39278.788891197466,0.005297401110908373,135,,2016-03-09 10:45:00,2016
fox,"TAX_WORLDMAMMALS_FOX,95",2.602352447640223e-35,2.663540755935967e+34,0.0,25,,2016-04-18 14:45:00,2016
fox,"TAX_WORLDMAMMALS_FOX,99",8.551790309317104e-06,81052.87378302147,0.00652828371797709,135,,2016-12-14 22:30:00,2016
msnbc,"TAX_DISEASE_CORONAVIRUS,101",0.00011314983683797619,6125.922934846921,0.01976355776919747,29,,2020-02-07 18:15:00,2020
msnbc,"TAX_DISEASE_CORONAVIRUS,106",0.0002689283468416486,2577.441867696033,0.03132622865763712,14,,2020-02-29 23:00:00,2020
msnbc,"TAX_DISEASE_CORONAVIRUS,109",0.0003224403107580787,2149.6914543045505,0.06918550197041728,16,,2020-03-09 18:00:00,2020
msnbc,"TAX_DISEASE_CORONAVIRUS,11",0.0001521270906016528,4556.369137269326,0.02213630264605515,37,,2020-03-02 23:45:00,2020
msnbc,"TAX_DISEASE_CORONAVIRUS,110",0.00041050743084296824,1688.5131144558877,0.02310430639069605,16,,2020-02-24 13:00:00,2020
msnbc,"TAX_DISEASE_CORONAVIRUS,117",0.00029205823722708177,2373.3183735578323,0.0480031326782544,15,,2020-03-19 06:45:00,2020
msnbc,"TAX_DISEASE_CORONAVIRUS,120",0.0001855494154639786,3735.6473413116655,0.02548227333774611,20,,2020-02-01 20:15:00,2020
msnbc,"TAX_DISEASE_CORONAVIRUS,129",0.0002781083257005427,2492.364005334748,0.0649110370164716,12,,2020-03-10 18:45:00,2020
msnbc,"TAX_DISEASE_CORONAVIRUS,141",0.0003378842774991811,2051.433661519291,0.05151464646959791,12,,2020-03-12 16:15:00,2020
msnbc,"TAX_DISEASE_CORONAVIRUS,143",0.00047614966512032507,1455.733840293228,0.046340851402142724,14,,2020-03-13 13:30:00,2020
msnbc,"TAX_DISEASE_CORONAVIRUS,15",0.00022406910353619424,3093.4527323084512,0.0015394481306181262,33,,2020-02-08 19:45:00,2020
msnbc,"TAX_DISEASE_CORONAVIRUS,150",0.0016456961359441078,421.1878277044739,0.15524856748726656,5,,2020-03-09 02:30:00,2020
msnbc,"TAX_DISEASE_CORONAVIRUS,163",0.00045409931575359896,1526.4219885679308,0.0991775035133976,10,,2020-02-28 13:45:00,2020
msnbc,"TAX_DISEASE_CORONAVIRUS,167",0.00016057066207219298,4316.773510271163,0.01352111702544423,8,,2020-03-20 04:45:00,2020
msnbc,"TAX_DISEASE_CORONAVIRUS,177",0.00010903996453090348,6356.817736890381,0.002796826677423314,11,,2020-04-23 19:00:00,2020
msnbc,"TAX_DISEASE_CORONAVIRUS,208",0.00019649149300743362,3527.61928748601,0.019384305981270056,7,,2020-03-26 12:30:00,2020
msnbc,"TAX_DISEASE_CORONAVIRUS,211",0.0001793689077410562,3864.3664015649742,0.011723021192418082,5,,2020-03-13 19:00:00,2020
msnbc,"TAX_DISEASE_CORONAVIRUS,213",0.0006183672973085236,1120.9311740399357,0.13166536141681418,7,,2020-04-02 05:45:00,2020
msnbc,"TAX_DISEASE_CORONAVIRUS,223",0.0005871950365441231,1180.4377377564238,0.11035292776098982,6,,2020-03-07 19:45:00,2020
msnbc,"TAX_DISEASE_CORONAVIRUS,231",0.0005594669491242418,1238.9421424178122,0.04507396560786958,8,,2020-04-07 23:00:00,2020
msnbc,"TAX_DISEASE_CORONAVIRUS,52",0.00022361214825059714,3099.774256375153,0.02432094782178018,11,,2020-04-05 23:15:00,2020
msnbc,"TAX_DISEASE_CORONAVIRUS,53",0.00010720819970219255,6465.430652556415,0.003833915334750082,13,,2020-03-07 00:15:00,2020
msnbc,"TAX_DISEASE_CORONAVIRUS,71",0.0002308839127839451,3002.145849843482,0.03989172053395251,19,,2020-02-28 07:45:00,2020
msnbc,"TAX_DISEASE_CORONAVIRUS,76",0.0002574482676232297,2692.374615526068,0.07141625705369137,22,,2020-03-08 01:45:00,2020
msnbc,"TAX_DISEASE_CORONAVIRUS,80",0.0003146308155935417,2203.0492444052047,0.05564849786772452,22,,2020-02-29 21:30:00,2020
msnbc,"TAX_DISEASE_CORONAVIRUS,86",0.0003685879724037063,1880.547474296737,0.0690877842322477,18,,2020-02-10 19:15:00,2020
msnbc,"TAX_DISEASE_CORONAVIRUS,95",0.00018024146005643743,3845.6589307637996,0.0386529538173227,22,,2020-03-13 18:15:00,2020
msnbc,"TAX_DISEASE_OUTBREAK,85",0.004404641514974189,157.3674448200825,0.10048443922489725,5,,2020-03-08 01:45:00,2020
msnbc,"TAX_ETHNICITY_AMERICAN,255",1.2397469296718999e-05,55910.37686565494,0.0070202315651961555,6,,2016-01-12 22:00:00,2016
msnbc,"TAX_ETHNICITY_AMERICANS,191",6.977780032680017e-05,9933.634727859459,0.0767535808221772,5,,2020-04-29 17:45:00,2020
msnbc,"TAX_ETHNICITY_AMERICANS,9",3.754814011312628e-05,18460.22675082197,0.07563522193188299,17,,2020-03-12 22:30:00,2020
msnbc,"TAX_FNCACT_ADVISER,20",9.974495030167988e-05,6949.1957082891195,0.25707137551636017,9,,2020-08-20 17:30:00,2020
msnbc,"TAX_FNCACT_ATTORNEY,137",8.944732279240722e-05,7749.222211699145,0.19203599257674975,7,,2020-01-16 20:30:00,2020
msnbc,"TAX_FNCACT_ATTORNEY,17",3.962900888492441e-05,17490.903761250283,0.08168527030513939,18,,2020-04-04 21:00:00,2020
msnbc,"TAX_FNCACT_ATTORNEY,40",0.00011333379242175535,6115.979759862778,0.09532405647023934,6,,2020-07-30 05:00:00,2020
msnbc,"TAX_FNCACT_AUTHOR,18",0.0006990478902453286,991.5589335613151,0.10430588604077862,5,,2020-05-18 05:45:00,2020
msnbc,"TAX_FNCACT_AUTHOR,23",0.0020215657448323402,342.87639782768076,0.8567257047290898,8,,2020-02-14 06:15:00,2020
msnbc,"TAX_FNCACT_CANDIDATE,23",1.3452436800186406e-06,515257.7119339008,5.6844616030948814e-05,16,,2016-02-14 20:15:00,2016
msnbc,"TAX_FNCACT_CANDIDATE,29",9.899119177566295e-06,70021.0966376461,0.008796447754329084,11,,2016-03-18 13:30:00,2016
msnbc,"TAX_FNCACT_CANDIDATE,36",7.884893634926813e-05,8790.824742258923,0.1082416049954843,11,,2020-01-22 18:30:00,2020
msnbc,"TAX_FNCACT_CHIEF,12",4.127976309362407e-05,16791.452484546997,0.03760124409647447,7,,2020-01-07 08:00:00,2020
msnbc,"TAX_FNCACT_CHIEF,16",4.9787841385648934e-05,13922.017128457814,0.03241706835672997,5,,2020-02-25 00:00:00,2020
msnbc,"TAX_FNCACT_CHIEF,17",1.2216045031056313e-05,56740.71917693392,0.0020607876323143204,6,,2020-01-08 08:00:00,2020
msnbc,"TAX_FNCACT_CONGRESSMAN,11",6.306960626619687e-06,109901.93559071705,0.006350192866560245,46,,2016-06-03 04:30:00,2016
msnbc,"TAX_FNCACT_CONGRESSWOMAN,13",1.9324157502210843e-35,3.5869464450423957e+34,0.0,30,,2020-01-10 01:45:00,2020
msnbc,"TAX_FNCACT_CORRESPONDENT,22",1.0735220886747474e-05,64567.575075761015,0.0023487051360160383,32,,2020-01-10 23:15:00,2020
msnbc,"TAX_FNCACT_CORRESPONDENT,35",6.0449666485339266e-05,11466.517862890987,0.09313691724611106,8,,2020-01-20 23:00:00,2020
msnbc,"TAX_FNCACT_DIRECTOR,33",2.587298688216704e-05,26790.38116923783,0.029448609035268247,9,,2016-12-20 16:15:00,2016
msnbc,"TAX_FNCACT_DIRECTOR,8",5.221349439122826e-05,13275.24979206127,0.0652402908831784,9,,2020-03-09 02:30:00,2020
msnbc,"TAX_FNCACT_GOVERNOR,17",4.104496090637788e-05,16887.509824677134,0.021608627339166242,50,,2020-03-07 19:45:00,2020
msnbc,"TAX_FNCACT_JUDGE,15",5.7681488371502195e-06,120168.04699900876,0.0011705257114701384,22,,2016-05-10 02:00:00,2016
msnbc,"TAX_FNCACT_LEADERS,111",4.954603275018664e-05,13989.96331461744,0.04856051241201165,6,,2020-01-07 01:00:00,2020
msnbc,"TAX_FNCACT_MAYOR,13",5.7695747543011705e-06,120138.3481587113,6.640443689920339e-06,16,,2020-03-14 03:30:00,2020
msnbc,"TAX_FNCACT_MAYOR,19",2.1101272363661708e-05,32848.59645495156,0.027175755550981284,17,,2020-03-17 20:30:00,2020
msnbc,"TAX_FNCACT_MAYOR,5",1.5836710486849982e-05,43768.38113795793,0.00436582531532681,48,,2016-09-15 04:45:00,2016
msnbc,"TAX_FNCACT_NOMINEE,60",9.842890819846013e-06,70421.09815567265,0.004622065806951681,6,,2016-03-15 16:45:00,2016
msnbc,"TAX_FNCACT_OFFICIAL,26",3.537192899877734e-05,19595.96776822391,0.015208475810800759,7,,2020-01-03 00:15:00,2020
msnbc,"TAX_FNCACT_OFFICIALS,180",4.5867214839732626e-05,15112.039895640322,0.07320280775082999,10,,2020-02-27 01:15:00,2020
msnbc,"TAX_FNCACT_OFFICIALS,60",1.6698395285415286e-05,41509.80790144272,0.011465433534220248,6,,2016-09-30 22:45:00,2016
msnbc,"TAX_FNCACT_POLICE,119",0.0019957434153596173,347.31277338827925,0.23872228142284468,5,,2020-05-30 07:45:00,2020
msnbc,"TAX_FNCACT_POLICE,40",7.245081302173472e-05,9567.141508156797,0.06481823441296752,5,,2020-06-01 00:45:00,2020
msnbc,"TAX_FNCACT_PORTER,17",0.0005675276306318219,1221.345258182888,0.1110424985934435,7,,2020-03-26 01:45:00,2020
msnbc,"TAX_FNCACT_POSTMASTER,10",0.0018979217826339617,365.2137758796288,0.02059574468085079,6,,2020-08-17 18:45:00,2020
msnbc,"TAX_FNCACT_POSTMASTER_GENERAL,18",0.0018979217826339617,365.2137758796288,0.02059574468085079,6,,2020-08-17 18:45:00,2020
msnbc,"TAX_FNCACT_PRESIDENT,10",1.186789917720201e-34,5.840521310557363e+33,0.0,51,,2016-01-05 00:45:00,2016
msnbc,"TAX_FNCACT_PRESIDENT,102",1.2709018116504043e-05,54539.790108554356,0.01756478999864719,35,,2020-01-09 03:15:00,2020
msnbc,"TAX_FNCACT_PRESIDENT,103",1.0611211353272766e-05,65322.15385062151,0.006758765499517927,29,,2016-02-23 15:15:00,2016
msnbc,"TAX_FNCACT_PRESIDENT,106",6.9054345823633325e-06,100377.05408581554,0.006396140375338422,42,,2016-11-02 05:30:00,2016
msnbc,"TAX_FNCACT_PRESIDENT,107",9.159954977310767e-36,7.567146151666387e+34,0.0,30,,2016-03-20 18:30:00,2016
msnbc,"TAX_FNCACT_PRESIDENT,108",1.7572792695682414e-35,3.944433833389781e+34,0.0,35,,2016-01-13 03:30:00,2016
msnbc,"TAX_FNCACT_PRESIDENT,109",4.329833671286653e-35,1.6008632967971948e+34,0.0,31,,2016-05-21 03:15:00,2016
msnbc,"TAX_FNCACT_PRESIDENT,113",4.7890746099889557e-05,14473.50974892295,0.11521090500443709,15,,2020-02-18 21:15:00,2020
msnbc,"TAX_FNCACT_PRESIDENT,114",1.0769506747291223e-05,64362.01739084175,0.022435083029269887,40,,2016-03-28 15:15:00,2016
msnbc,"TAX_FNCACT_PRESIDENT,118",1.0366887340258414e-05,66861.64880640704,0.014366719222280055,22,,2016-02-14 18:15:00,2016
msnbc,"TAX_FNCACT_PRESIDENT,121",1.887418693229979e-05,36724.61139895504,0.039241205385506794,31,,2020-01-16 20:45:00,2020
msnbc,"TAX_FNCACT_PRESIDENT,123",5.103098028478292e-06,135828.70183793764,0.004687419543568105,33,,2016-03-30 05:30:00,2016
msnbc,"TAX_FNCACT_PRESIDENT,127",1.6056868583679907e-35,4.316826639936852e+34,0.0,26,,2016-02-22 21:45:00,2016
msnbc,"TAX_FNCACT_PRESIDENT,128",9.736392699849682e-36,7.119137466288173e+34,0.0,34,,2016-04-08 18:30:00,2016
msnbc,"TAX_FNCACT_PRESIDENT,129",2.3105988657340512e-35,2.999859434016212e+34,0.0,28,,2016-05-02 21:00:00,2016
msnbc,"TAX_FNCACT_PRESIDENT,130",1.0928602649999392e-05,63425.05101143776,0.01404906097957026,22,,2016-05-18 21:15:00,2016
msnbc,"TAX_FNCACT_PRESIDENT,132",1.9564400344653486e-35,3.542900208282473e+34,0.0,31,,2016-02-22 13:45:00,2016
msnbc,"TAX_FNCACT_PRESIDENT,133",1.7889322970494451e-35,3.874641772096013e+34,0.0,31,,2016-05-20 13:45:00,2016
msnbc,"TAX_FNCACT_PRESIDENT,136",8.565615967489952e-08,8092204.730993368,1.189282245905865e-06,28,,2016-03-17 20:30:00,2016
msnbc,"TAX_FNCACT_PRESIDENT,137",3.0845331481427295e-35,2.247170470439929e+34,0.0,35,,2016-04-18 12:30:00,2016
msnbc,"TAX_FNCACT_PRESIDENT,142",1.802712737322325e-05,38450.229268891584,0.0217093618906552,22,,2020-01-08 23:30:00,2020
msnbc,"TAX_FNCACT_PRESIDENT,150",9.656016394277956e-06,71783.9689015748,0.012013932317109677,22,,2016-06-02 16:30:00,2016
msnbc,"TAX_FNCACT_PRESIDENT,151",2.449382774540989e-35,2.829885094990268e+34,0.0,28,,2016-03-24 00:15:00,2016
msnbc,"TAX_FNCACT_PRESIDENT,152",8.79314666676959e-35,7.88281154435233e+33,0.0,31,,2016-02-15 20:45:00,2016
msnbc,"TAX_FNCACT_PRESIDENT,153",2.704612582378964e-05,25628.33527714555,0.058072462146137704,21,,2020-01-04 23:30:00,2020
msnbc,"TAX_FNCACT_PRESIDENT,157",2.2165856081050706e-05,31270.94112789569,0.035206016573906096,23,,2020-02-13 22:45:00,2020
msnbc,"TAX_FNCACT_PRESIDENT,160",6.370726760694085e-36,1.0880190072449873e+35,0.0,26,,2020-01-07 23:00:00,2020
msnbc,"TAX_FNCACT_PRESIDENT,165",2.4049732109148674e-05,28821.40962793792,0.04192664991074402,27,,2016-04-11 17:00:00,2016
msnbc,"TAX_FNCACT_PRESIDENT,17",9.684115422713594e-36,7.157568350891443e+34,0.0,26,,2016-02-05 02:00:00,2016
msnbc,"TAX_FNCACT_PRESIDENT,171",3.213366736003431e-06,215707.46120999404,0.001514794386230256,30,,2016-02-14 17:15:00,2016
msnbc,"TAX_FNCACT_PRESIDENT,178",1.2493950637154789e-05,55478.623270580945,0.018823074948101648,23,,2016-06-17 13:15:00,2016
msnbc,"TAX_FNCACT_PRESIDENT,18",3.491598029078139e-06,198518.60803775053,0.0016373848500572663,15,,2016-01-12 15:30:00,2016
msnbc,"TAX_FNCACT_PRESIDENT,180",2.382664974409975e-05,29091.256555344757,0.04533035579400668,16,,2016-07-22 13:00:00,2016
msnbc,"TAX_FNCACT_PRESIDENT,183",3.0046871715281003e-35,2.306886344535594e+34,0.0,28,,2016-01-12 19:45:00,2016
msnbc,"TAX_FNCACT_PRESIDENT,184",5.890674572218142e-35,1.176685576604412e+34,0.0,30,,2016-02-17 18:30:00,2016
msnbc,"TAX_FNCACT_PRESIDENT,192",1.6164723343308862e-35,4.288023777696529e+34,0.0,26,,2016-01-13 16:00:00,2016
msnbc,"TAX_FNCACT_PRESIDENT,21",7.98076245988066e-06,86852.25052673856,0.005326572825200326,57,,2016-05-14 15:00:00,2016
msnbc,"TAX_FNCACT_PRESIDENT,216",9.084991574362556e-06,76295.85287849644,0.008244290595578407,19,,2016-02-15 18:15:00,2016
msnbc,"TAX_FNCACT_PRESIDENT,222",2.090762320083793e-05,33152.84448651081,0.039101090007841566,18,,2016-12-28 16:00:00,2016
msnbc,"TAX_FNCACT_PRESIDENT,229",2.1518210983191454e-35,3.221211935794217e+34,0.0,25,,2016-01-15 14:15:00,2016
msnbc,"TAX_FNCACT_PRESIDENT,231",1.278380417664055e-05,54220.728899032394,0.010933197091413716,14,,2016-06-16 22:15:00,2016
msnbc,"TAX_FNCACT_PRESIDENT,242",2.8080900058740456e-06,246839.37448942146,0.000834268684237971,14,,2016-01-21 20:30:00,2016
msnbc,"TAX_FNCACT_PRESIDENT,246",7.122303135568738e-06,97320.65139131364,0.006194513911509714,18,,2016-01-15 14:15:00,2016
msnbc,"TAX_FNCACT_PRESIDENT,25",5.973244622845141e-36,1.1604198795223448e+35,0.0,25,,2016-06-13 13:45:00,2016
msnbc,"TAX_FNCACT_PRESIDENT,252",6.37662318077044e-06,108701.29234705656,0.004560739470410913,15,,2016-01-28 22:30:00,2016
msnbc,"TAX_FNCACT_PRESIDENT,32",2.950044969560317e-35,2.349615642175292e+34,0.0,26,,2016-11-22 23:15:00,2016
msnbc,"TAX_FNCACT_PRESIDENT,33",6.3158911957874055e-06,109746.53601098494,0.005833212041044256,24,,2016-05-03 17:45:00,2016
msnbc,"TAX_FNCACT_PRESIDENT,331",1.9568916012834642e-05,35420.8265856592,0.021790692720809357,7,,2016-01-28 23:45:00,2016
msnbc,"TAX_FNCACT_PRESIDENT,35",2.25606113993015e-06,307237.76421298843,0.00013442145215281087,30,,2020-02-07 13:00:00,2020
msnbc,"TAX_FNCACT_PRESIDENT,38",8.937525411056216e-06,77554.70879025235,0.014083293917953488,46,,2016-12-27 19:30:00,2016
msnbc,"TAX_FNCACT_PRESIDENT,44",1.029416419900249e-35,6.733399304307887e+34,0.0,26,,2016-03-08 20:45:00,2016
msnbc,"TAX_FNCACT_PRESIDENT,45",1.4558089645581213e-05,47612.509431849445,0.02050412941809876,29,,2020-01-24 03:30:00,2020
msnbc,"TAX_FNCACT_PRESIDENT,46",1.5069409977277537e-05,45996.96880004656,0.030873716209914748,28,,2016-04-25 22:15:00,2016
msnbc,"TAX_FNCACT_PRESIDENT,47",1.1968188599251315e-35,5.791579693215279e+34,0.0,44,,2016-02-02 20:00:00,2016
msnbc,"TAX_FNCACT_PRESIDENT,513",1.0075760921152582e-05,68793.53192122537,0.012250992834636598,10,,2016-02-16 21:00:00,2016
msnbc,"TAX_FNCACT_PRESIDENT,52",3.433952089237174e-36,2.0185115067051577e+35,0.0,42,,2016-01-19 14:30:00,2016
msnbc,"TAX_FNCACT_PRESIDENT,56",2.3794057734989496e-35,2.9131104424474123e+34,0.0,28,,2016-10-19 15:30:00,2016
msnbc,"TAX_FNCACT_PRESIDENT,59",7.312839720209941e-06,94784.95455662004,0.0031814706982365992,28,,2016-01-21 12:45:00,2016
msnbc,"TAX_FNCACT_PRESIDENT,63",1.4941724131168393e-35,4.639004002985454e+34,0.0,39,,2016-01-09 16:00:00,2016
msnbc,"TAX_FNCACT_PRESIDENT,65",1.0658822386478899e-35,6.503037159519868e+34,0.0,29,,2016-03-13 17:45:00,2016
msnbc,"TAX_FNCACT_PRESIDENT,68",2.52869107204709e-05,27411.303350662412,0.0463861477730616,25,,2016-04-27 16:30:00,2016
msnbc,"TAX_FNCACT_PRESIDENT,72",3.9197758703385874e-05,17683.33709600778,0.08523941841218008,31,,2020-01-15 20:00:00,2020
msnbc,"TAX_FNCACT_PRESIDENT,76",8.135939714671165e-06,85195.71246453865,0.012633362382912017,41,,2016-02-19 15:30:00,2016
msnbc,"TAX_FNCACT_PRESIDENT,83",3.52775838938328e-35,1.9648374521507996e+34,0.0,36,,2016-02-16 02:15:00,2016
msnbc,"TAX_FNCACT_PRESIDENT,89",1.1154032410608628e-05,62143.19225939233,0.015092479868596409,31,,2016-03-11 04:30:00,2016
msnbc,"TAX_FNCACT_PRESIDENT,91",4.745827664371018e-06,146054.01408982908,0.006251621415479081,36,,2016-01-25 23:00:00,2016
msnbc,"TAX_FNCACT_PRESIDENT,93",8.750073214068648e-35,7.921615780831194e+33,0.0,39,,2016-01-01 19:45:00,2016
msnbc,"TAX_FNCACT_PRESIDENT,98",2.971456187811443e-35,2.332685177735926e+34,0.0,37,,2016-05-15 22:15:00,2016
msnbc,"TAX_FNCACT_PRESIDENT,99",8.819067880029198e-06,78596.42197896887,0.012557755061097686,32,,2016-01-06 02:30:00,2016
msnbc,"TAX_FNCACT_REPORTER,41",4.189505094668644e-05,16544.846345741647,0.04274248444165174,10,,2020-02-29 05:45:00,2020
msnbc,"TAX_FNCACT_REPORTER,47",5.808247443663558e-05,11933.84385364171,0.07618459731840477,7,,2020-03-19 19:15:00,2020
msnbc,"TAX_FNCACT_REPRESENTATIVES,28",3.939050073888751e-05,17596.810590317,0.07946782339607483,13,,2020-01-11 03:15:00,2020
msnbc,"TAX_FNCACT_SECRETARY,14",2.3130301204933256e-05,29967.062444137566,0.01978081907030871,5,,2016-12-13 14:30:00,2016
msnbc,"TAX_FNCACT_SECRETARY,16",1.791836714697982e-05,38683.61301419012,0.0330677663385226,23,,2016-07-29 16:00:00,2016
msnbc,"TAX_FNCACT_SECRETARY_OF_STATE,25",2.1520376301005947e-05,32208.878267967128,0.038858546693098184,16,,2016-07-29 16:00:00,2016
msnbc,"TAX_FNCACT_SENATOR,7",1.3559796821884445e-05,51117.81464463098,0.0038831963920537005,173,,2016-04-23 15:45:00,2016
msnbc,"TAX_FNCACT_SPEAKER,13",3.057395790049616e-05,22671.16291635558,0.02986054542153871,94,,2016-11-01 21:30:00,2016
msnbc,"TAX_FNCACT_SPEAKER,7",1.0154012836292242e-35,6.826337446438066e+34,0.0,38,,2016-05-11 16:45:00,2016
msnbc,"TAX_FNCACT_VICE_PRESIDENT,68",8.202543362780708e-05,8450.3933707333,0.1524327568577486,5,,2020-05-07 05:15:00,2020
msnbc,"TAX_FNCACT_VICE_PRESIDENT,91",2.528387804609899e-05,27414.591199030478,0.03520093066359575,7,,2016-05-12 16:15:00,2016
msnbc,"TAX_FNCACT_WOMEN,243",6.550352374104164e-05,10581.830426408795,0.05589684232053427,5,,2020-07-28 06:15:00,2020
msnbc,"TAX_FNCACT_WOMEN,5",5.566472799342362e-05,12452.179423958301,0.19911389225857823,9,,2016-04-27 19:00:00,2016
msnbc,"TAX_POLITICAL_PARTY_REPUBLICAN,11",7.009455907217051e-06,98887.44429453783,0.0025922524337330666,61,,2016-01-04 18:30:00,2016
msnbc,"TAX_POLITICAL_PARTY_REPUBLICAN,140",4.602779640926134e-05,15059.317078678914,0.17958628859385461,6,,2016-05-03 22:30:00,2016
msnbc,"TAX_WORLDBIRDS_CROW,15",5.676449440110354e-05,12210.928466341982,0.048649468005817265,5,,2020-01-30 18:15:00,2020
msnbc,"TAX_WORLDMAMMALS_TUR,8",2.18146683718801e-05,31774.362495165737,0.04066365719491194,27,,2020-02-03 23:45:00,2020
