media,week,gdelt_tone
abc,2015-02-16/2015-02-22,-2.914071278486704
abc,2015-02-23/2015-03-01,-2.895247107447587
abc,2015-03-02/2015-03-08,-2.978755492543656
abc,2015-03-09/2015-03-15,-2.99943205961461
abc,2015-03-16/2015-03-22,-3.0770812127275637
abc,2015-03-23/2015-03-29,-2.438944656698639
abc,2015-03-30/2015-04-05,-2.8986837665180114
abc,2015-04-06/2015-04-12,-2.950361603098142
abc,2015-04-13/2015-04-19,-2.877556074841196
abc,2015-04-20/2015-04-26,-2.9264121763921307
abc,2015-04-27/2015-05-03,-3.2623097056623815
abc,2015-05-04/2015-05-10,-2.96749660896153
abc,2015-05-11/2015-05-17,-3.2556843899061625
abc,2015-05-18/2015-05-24,-2.994110424522086
abc,2015-05-25/2015-05-31,-3.191661276882386
abc,2015-06-01/2015-06-07,-3.000539002313975
abc,2015-06-08/2015-06-14,-2.897337074887337
abc,2015-06-15/2015-06-21,-2.884595097272571
abc,2015-06-22/2015-06-28,-2.7768834048606768
abc,2015-06-29/2015-07-05,-2.8064635652860956
abc,2015-07-06/2015-07-12,-2.675243413123843
abc,2015-07-13/2015-07-19,-2.909157817031269
abc,2015-07-20/2015-07-26,-2.9258326547529787
abc,2015-07-27/2015-08-02,-3.1783724475579582
abc,2015-08-03/2015-08-09,-3.5142759039159333
abc,2015-08-10/2015-08-16,-3.110112205898756
abc,2015-08-17/2015-08-23,-3.50309046670387
abc,2015-08-24/2015-08-30,-3.2572325904852657
abc,2015-08-31/2015-09-06,-3.560092226137654
abc,2015-09-07/2015-09-13,-3.3408006093974794
abc,2015-09-14/2015-09-20,-2.7315790948806726
abc,2015-09-21/2015-09-27,-2.0798082730996383
abc,2015-09-28/2015-10-04,-2.8738296249139093
abc,2015-10-05/2015-10-11,-2.7779366758999844
abc,2015-10-12/2015-10-18,-3.6628477510406388
abc,2015-10-19/2015-10-25,-2.7909016634267267
abc,2015-10-26/2015-11-01,-3.094762452854152
abc,2015-11-02/2015-11-08,-3.098440326307481
abc,2015-11-09/2015-11-15,-3.2735149393897465
abc,2015-11-16/2015-11-22,-3.580212068218399
abc,2015-11-23/2015-11-29,-3.00709584252843
abc,2015-11-30/2015-12-06,-2.9083812856812683
abc,2015-12-07/2015-12-13,-3.10512137511155
abc,2015-12-14/2015-12-20,-2.6306930438666676
abc,2015-12-21/2015-12-27,-3.317507447076263
abc,2015-12-28/2016-01-03,-3.007069799909458
abc,2016-01-04/2016-01-10,-2.8882369249485884
abc,2016-01-11/2016-01-17,-2.71133609333945
abc,2016-01-18/2016-01-24,-2.831040108611677
abc,2016-01-25/2016-01-31,-2.9573370816574664
abc,2016-02-01/2016-02-07,-2.834161008279556
abc,2016-02-08/2016-02-14,-3.325362931277906
abc,2016-02-15/2016-02-21,-3.0695695927298985
abc,2016-02-22/2016-02-28,-3.215039290952176
abc,2016-02-29/2016-03-06,-3.32607904042539
abc,2016-03-07/2016-03-13,-3.172646277364817
abc,2016-03-14/2016-03-20,-2.9780243780828797
abc,2016-03-21/2016-03-27,-3.1999173708529605
abc,2016-03-28/2016-04-03,-3.3716189598604234
abc,2016-04-04/2016-04-10,-3.211538409575603
abc,2016-04-11/2016-04-17,-3.5051341474116815
abc,2016-04-18/2016-04-24,-2.63761899170443
abc,2016-04-25/2016-05-01,-2.7537756747914
abc,2016-05-02/2016-05-08,-2.603550588824561
abc,2016-05-09/2016-05-15,-2.9392092811764114
abc,2016-05-16/2016-05-22,-2.862676008107391
abc,2016-05-23/2016-05-29,-2.8750261433285544
abc,2016-05-30/2016-06-05,-2.037933201679546
abc,2016-06-06/2016-06-12,-2.428803797298232
abc,2016-06-13/2016-06-19,-3.3274946244849644
abc,2016-06-20/2016-06-26,-2.6524041947511066
abc,2016-06-27/2016-07-03,-3.373307671569599
abc,2016-07-04/2016-07-10,-2.8415222070007617
abc,2016-07-11/2016-07-17,-2.9402018483719803
abc,2016-07-18/2016-07-24,-2.8846643157289864
abc,2016-07-25/2016-07-31,-3.1056662307568437
abc,2016-08-01/2016-08-07,-3.2624048510492423
abc,2016-08-08/2016-08-14,-3.7053371912070867
abc,2016-08-15/2016-08-21,-3.6824042673606683
abc,2016-08-22/2016-08-28,-3.15501826828786
abc,2016-08-29/2016-09-04,-3.3565921998417556
abc,2016-09-05/2016-09-11,-3.163187301791654
abc,2016-09-12/2016-09-18,-3.15995837909132
abc,2016-09-19/2016-09-25,-2.6177177274367747
abc,2016-09-26/2016-10-02,-3.511961956666338
abc,2016-10-03/2016-10-09,-3.174840035866538
abc,2016-10-10/2016-10-16,-3.259007781950982
abc,2016-10-17/2016-10-23,-3.5064349938167223
abc,2016-10-24/2016-10-30,-2.930527468698991
abc,2016-10-31/2016-11-06,-3.8357386212972844
abc,2016-11-07/2016-11-13,-2.523503022058469
abc,2016-11-14/2016-11-20,-2.854092519830476
abc,2016-11-21/2016-11-27,-3.151524099507042
abc,2016-11-28/2016-12-04,-2.974831905002198
abc,2016-12-05/2016-12-11,-3.4696438401585534
abc,2016-12-12/2016-12-18,-2.923103440378064
abc,2016-12-19/2016-12-25,-3.29596046318492
abc,2016-12-26/2017-01-01,-3.4003843291894102
abc,2017-01-02/2017-01-08,-3.18802590835407
abc,2017-01-09/2017-01-15,-3.2222154457887493
abc,2017-01-16/2017-01-22,-2.6330784625930357
abc,2017-01-23/2017-01-29,-2.9319682441737984
abc,2017-01-30/2017-02-05,-2.4594330136336864
abc,2017-02-06/2017-02-12,-3.490554546208573
abc,2017-02-13/2017-02-19,-3.1021205539821843
abc,2017-02-20/2017-02-26,-3.1072357763601874
abc,2017-02-27/2017-03-05,-2.5000240089026593
abc,2017-03-06/2017-03-12,-2.8231476242149713
abc,2017-03-13/2017-03-19,-3.442466384272279
abc,2017-03-20/2017-03-26,-3.2192579943042645
abc,2017-03-27/2017-04-02,-3.30475497306139
abc,2017-04-03/2017-04-09,-3.3410138226648503
abc,2017-04-10/2017-04-16,-2.8967632150774105
abc,2017-04-17/2017-04-23,-3.0265352549781244
abc,2017-04-24/2017-04-30,-3.081743692674795
abc,2017-05-01/2017-05-07,-2.9380342735882636
abc,2017-05-08/2017-05-14,-3.363214148988235
abc,2017-05-15/2017-05-21,-2.711556804716671
abc,2017-05-22/2017-05-28,-3.441875009575682
abc,2017-05-29/2017-06-04,-3.2061191504142412
abc,2017-06-05/2017-06-11,-2.9527097869360404
abc,2017-06-12/2017-06-18,-3.771553319184735
abc,2017-06-19/2017-06-25,-3.290598437372564
abc,2017-06-26/2017-07-02,-3.0823578547895862
abc,2017-07-03/2017-07-09,-2.6483404237611397
abc,2017-07-10/2017-07-16,-2.96081657766807
abc,2017-07-17/2017-07-23,-3.049410232274715
abc,2017-07-24/2017-07-30,-3.322165911248364
abc,2017-07-31/2017-08-06,-3.3113093684882737
abc,2017-08-07/2017-08-13,-3.0331066266436126
abc,2017-08-14/2017-08-20,-3.561181441960857
abc,2017-08-21/2017-08-27,-3.2643508482486587
abc,2017-08-28/2017-09-03,-2.726229997885675
abc,2017-09-04/2017-09-10,-3.0605628003456964
abc,2017-09-11/2017-09-17,-2.8917827013422515
abc,2017-09-18/2017-09-24,-3.2679299636548986
abc,2017-09-25/2017-10-01,-3.204316016508919
abc,2017-10-02/2017-10-08,-3.1656730309257166
abc,2017-10-09/2017-10-15,-3.1589657286864496
abc,2017-10-16/2017-10-22,-2.7573756908703855
abc,2017-10-23/2017-10-29,-3.1515162604147684
abc,2017-10-30/2017-11-05,-3.6789425292043894
abc,2017-11-06/2017-11-12,-2.952399731645109
abc,2017-11-13/2017-11-19,-2.7893182863989523
abc,2017-11-20/2017-11-26,-3.149325670883418
abc,2017-11-27/2017-12-03,-2.9992720091148746
abc,2017-12-04/2017-12-10,-2.9071275264812133
abc,2017-12-11/2017-12-17,-3.597460665173567
abc,2017-12-18/2017-12-24,-3.6848450976518743
abc,2017-12-25/2017-12-31,-3.773623477042372
abc,2018-01-01/2018-01-07,-3.1321489923246117
abc,2018-01-08/2018-01-14,-3.2130367077504154
abc,2018-01-15/2018-01-21,-3.2871709734835943
abc,2018-01-22/2018-01-28,-2.809445540144771
abc,2018-01-29/2018-02-04,-2.7802186671325715
abc,2018-02-05/2018-02-11,-3.115575934213766
abc,2018-02-12/2018-02-18,-3.3004755292429846
abc,2018-02-19/2018-02-25,-3.5723231824359636
abc,2018-02-26/2018-03-04,-3.032640855646516
abc,2018-03-05/2018-03-11,-2.8543053067653874
abc,2018-03-12/2018-03-18,-2.684445425775828
abc,2018-03-19/2018-03-25,-3.153687681282178
abc,2018-03-26/2018-04-01,-3.1611470992322683
abc,2018-04-02/2018-04-08,-3.3071237471386286
abc,2018-04-09/2018-04-15,-3.320419190887346
abc,2018-04-16/2018-04-22,-3.096409025820945
abc,2018-04-23/2018-04-29,-2.9995658354227226
abc,2018-04-30/2018-05-06,-3.0652013191001566
abc,2018-05-07/2018-05-13,-3.0329210909646536
abc,2018-05-14/2018-05-20,-2.371808429052448
abc,2018-05-21/2018-05-27,-2.8773991955215394
abc,2018-05-28/2018-06-03,-3.010372896192384
abc,2018-06-04/2018-06-10,-2.8192132170369657
abc,2018-06-11/2018-06-17,-2.8730372445209222
abc,2018-06-18/2018-06-24,-3.161373173841481
abc,2018-06-25/2018-07-01,-2.6515275108143186
abc,2018-07-02/2018-07-08,-3.5086910215184908
abc,2018-07-09/2018-07-15,-2.795242816260167
abc,2018-07-16/2018-07-22,-2.6285969746267708
abc,2018-07-23/2018-07-29,-3.2000318626462367
abc,2018-07-30/2018-08-05,-3.0026311501451697
abc,2018-08-06/2018-08-12,-3.2066678681504657
abc,2018-08-13/2018-08-19,-3.8295963167542584
abc,2018-08-20/2018-08-26,-3.5365795163321754
abc,2018-08-27/2018-09-02,-3.248759393309976
abc,2018-09-03/2018-09-09,-3.1604729646334544
abc,2018-09-10/2018-09-16,-3.4421194583895627
abc,2018-09-17/2018-09-23,-3.381742970318039
abc,2018-09-24/2018-09-30,-3.2203752227324673
abc,2018-10-01/2018-10-07,-2.829991633756252
abc,2018-10-08/2018-10-14,-3.218719421473145
abc,2018-10-15/2018-10-21,-3.076264967225502
abc,2018-10-22/2018-10-28,-2.978990744146124
abc,2018-10-29/2018-11-04,-2.409251337258508
abc,2018-11-05/2018-11-11,-2.1318768550262326
abc,2018-11-12/2018-11-18,-2.6293534021707607
abc,2018-11-19/2018-11-25,-3.321074563970109
abc,2018-11-26/2018-12-02,-2.8482743205798924
abc,2018-12-03/2018-12-09,-3.199016188175014
abc,2018-12-10/2018-12-16,-2.7035904632584464
abc,2018-12-17/2018-12-23,-2.9532013889494877
abc,2018-12-24/2018-12-30,-3.5460086842705336
abc,2018-12-31/2019-01-06,-3.3112040157371387
abc,2019-01-07/2019-01-13,-3.21906167040166
abc,2019-01-14/2019-01-20,-3.14689303021249
abc,2019-01-21/2019-01-27,-2.7337674782361923
abc,2019-01-28/2019-02-03,-2.886722429331633
abc,2019-02-04/2019-02-10,-2.039025427991851
abc,2019-02-11/2019-02-17,0.4887218045112798
abc,2019-02-18/2019-02-24,-4.0107709750566904
abc,2019-02-25/2019-03-03,1.50375939849624
abc,2019-03-04/2019-03-10,-3.012806046095878
abc,2019-03-11/2019-03-17,-2.7360851770741825
abc,2019-03-18/2019-03-24,-2.417754014519427
abc,2019-03-25/2019-03-31,-2.989638071454971
abc,2019-04-01/2019-04-07,-3.8408986776429943
abc,2019-04-08/2019-04-14,-3.898035706533417
abc,2019-04-15/2019-04-21,-3.6655438376918816
abc,2019-04-22/2019-04-28,-3.7724618635475946
abc,2019-04-29/2019-05-05,-4.146321824158722
abc,2019-05-06/2019-05-12,-3.490465926206234
abc,2019-05-13/2019-05-19,-4.008745980396996
abc,2019-05-20/2019-05-26,-3.7834684943845063
abc,2019-05-27/2019-06-02,-3.697801450863276
abc,2019-06-03/2019-06-09,-3.427530407929319
abc,2019-06-10/2019-06-16,-3.8088020094691086
abc,2019-06-17/2019-06-23,-3.6294996929266468
abc,2019-06-24/2019-06-30,-4.087193581438475
abc,2019-07-01/2019-07-07,-2.5928616290354682
abc,2019-07-08/2019-07-14,-3.775487751018308
abc,2019-07-15/2019-07-21,-3.8264430082129617
abc,2019-07-22/2019-07-28,-3.4226312896787716
abc,2019-07-29/2019-08-04,-4.02980801302016
abc,2019-08-05/2019-08-11,-4.614806481419192
abc,2019-08-12/2019-08-18,-3.5111224586187886
abc,2019-08-19/2019-08-25,-4.296933085636321
abc,2019-08-26/2019-09-01,-3.8882023244194346
abc,2019-09-02/2019-09-08,-3.665134301237058
abc,2019-09-09/2019-09-15,-3.432816726502912
abc,2019-09-16/2019-09-22,-3.54550748953753
abc,2019-09-23/2019-09-29,-3.310914164958255
abc,2019-09-30/2019-10-06,-4.119538236555961
abc,2019-10-07/2019-10-13,-2.9375524358977496
abc,2019-10-14/2019-10-20,-3.489118285577208
abc,2019-10-21/2019-10-27,-3.326960911912232
abc,2019-10-28/2019-11-03,-3.2842912159005957
abc,2019-11-04/2019-11-10,-3.1414865879567175
abc,2019-11-11/2019-11-17,-3.414004070423081
abc,2019-11-18/2019-11-24,-4.052879394562315
abc,2019-11-25/2019-12-01,-3.674669441766296
abc,2019-12-02/2019-12-08,-3.7162032377990415
abc,2019-12-09/2019-12-15,-3.400817672451223
abc,2019-12-16/2019-12-22,-3.325473203521865
abc,2019-12-23/2019-12-29,-2.9337796731195653
abc,2019-12-30/2020-01-05,-2.8842882326631902
abc,2020-01-06/2020-01-12,-4.126227353485447
abc,2020-01-13/2020-01-19,-3.1660246390829925
abc,2020-01-20/2020-01-26,-2.867030188437337
abc,2020-01-27/2020-02-02,-3.0395042043350835
abc,2020-02-03/2020-02-09,-2.819324352683993
abc,2020-02-10/2020-02-16,-3.4555319996180778
abc,2020-02-17/2020-02-23,-3.7200360502309398
abc,2020-02-24/2020-03-01,-3.7068408607411385
abc,2020-03-02/2020-03-08,-3.2074628452216936
abc,2020-03-09/2020-03-15,-3.2775124367228967
abc,2020-03-16/2020-03-22,-2.614413477098926
abc,2020-03-23/2020-03-29,-2.7486801840885455
abc,2020-03-30/2020-04-05,-2.748879706472737
abc,2020-04-06/2020-04-12,-2.569649678347827
abc,2020-04-13/2020-04-19,-2.8293240120603107
abc,2020-04-20/2020-04-26,-2.7530741540468697
abc,2020-04-27/2020-05-03,-2.836355119053516
abc,2020-05-04/2020-05-10,-2.8870988163331956
abc,2020-05-11/2020-05-17,-3.0988978589583063
abc,2020-05-18/2020-05-24,-2.8312836886316064
abc,2020-05-25/2020-05-31,-3.4195878070668333
abc,2020-06-01/2020-06-07,-4.048450266233241
abc,2020-06-08/2020-06-14,-3.5847913777393714
abc,2020-06-15/2020-06-21,-3.5759219488137237
abc,2020-06-22/2020-06-28,-3.343814529328262
abc,2020-06-29/2020-07-05,-3.578949570666221
abc,2020-07-06/2020-07-12,-3.729197261310798
abc,2020-07-13/2020-07-19,-3.6300525205653837
abc,2020-07-20/2020-07-26,-3.011490756014113
abc,2020-07-27/2020-08-02,-3.2214581963858233
abc,2020-08-03/2020-08-09,-3.3694323958087793
abc,2020-08-10/2020-08-16,-3.5844463948997336
abc,2020-08-17/2020-08-23,-3.248672957621881
abc,2020-08-24/2020-08-30,-3.4980347026120704
abc,2020-08-31/2020-09-06,-3.007477526824208
abc,2020-09-07/2020-09-13,-3.2933586435230713
abc,2020-09-14/2020-09-20,-3.42089894658086
abc,2020-09-21/2020-09-27,-3.437949249526641
abc,2020-09-28/2020-10-04,-2.98370204132899
abc,2020-10-05/2020-10-11,-3.172011453657703
abc,2020-10-12/2020-10-18,-3.1171385177096367
abc,2020-10-19/2020-10-25,-3.0194441948597213
abc,2020-10-26/2020-11-01,-3.251802237004642
abc,2020-11-02/2020-11-08,-2.432216707211635
abc,2020-11-09/2020-11-15,-2.689153859109175
abc,2020-11-16/2020-11-22,-2.9797772775747835
abc,2020-11-23/2020-11-29,-2.6862959459376854
abc,2020-11-30/2020-12-06,-2.619921107883822
abc,2020-12-07/2020-12-13,-2.4289356229771726
abc,2020-12-14/2020-12-20,-2.5547898891005056
abc,2020-12-21/2020-12-27,-3.0986091762847487
abc,2020-12-28/2021-01-03,-2.7321740691356085
abc,2021-01-04/2021-01-10,-3.406443120124203
abc,2021-01-11/2021-01-17,-2.921648100504005
abc,2021-01-18/2021-01-24,-2.8792922431698704
abc,2021-01-25/2021-01-31,-3.0692069169326373
abc,2021-02-01/2021-02-07,-2.804202313488506
abc,2021-02-08/2021-02-14,-3.2022438411143423
abc,2021-02-15/2021-02-21,-2.554567155202931
abc,2021-02-22/2021-02-28,-2.9891280211175264
abc,2021-03-01/2021-03-07,-3.045546641721579
abc,2021-03-08/2021-03-14,-2.624094353191328
abc,2021-03-15/2021-03-21,-3.5686681950287586
abc,2021-03-22/2021-03-28,-3.4530165358689553
abc,2021-03-29/2021-04-04,-3.0473154017060984
abc,2021-04-05/2021-04-11,-2.8910840780312013
abc,2021-04-12/2021-04-18,-3.230455451490335
abc,2021-04-19/2021-04-25,-3.264093493915219
abc,2021-04-26/2021-05-02,-2.706591910628023
abc,2021-05-03/2021-05-09,-2.7887336965830434
abc,2021-05-10/2021-05-16,-3.2601826977860004
abc,2021-05-17/2021-05-23,-3.021111189119553
abc,2021-05-24/2021-05-30,-2.9635185544191995
abc,2021-05-31/2021-06-06,-3.155923681861005
abc,2021-06-07/2021-06-13,-3.043023418069023
abc,2021-06-14/2021-06-20,-2.661989495909864
abc,2021-06-21/2021-06-27,-3.054571521715119
abc,2021-06-28/2021-07-04,-3.277794405455056
abc,2021-07-05/2021-07-11,-3.0546383460747304
abc,2021-07-12/2021-07-18,-3.3460650091112396
abc,2021-07-19/2021-07-25,-3.2863641713311704
abc,2021-07-26/2021-08-01,-3.02155181904773
abc,2021-08-02/2021-08-08,-2.877353587415212
abc,2021-08-09/2021-08-15,-3.2843365555219823
abc,2021-08-16/2021-08-22,-3.4421426770414065
abc,2021-08-23/2021-08-29,-3.053019399674208
abc,2021-08-30/2021-09-05,-3.699720446232729
abc,2021-09-06/2021-09-12,-2.9592303727175064
abc,2021-09-13/2021-09-19,-3.0822157585516425
abc,2021-09-20/2021-09-26,-3.196418593486599
abc,2021-09-27/2021-10-03,-3.402041045635694
abc,2021-10-04/2021-10-10,-3.27250997345616
abc,2021-10-11/2021-10-17,-3.4877694705673385
abc,2021-10-18/2021-10-24,-2.587075159263358
abc,2021-10-25/2021-10-31,-2.7109905458431323
abc,2021-11-01/2021-11-07,-3.0638576240085125
abc,2021-11-08/2021-11-14,-2.4543772009359843
abc,2021-11-15/2021-11-21,-2.995239337184639
abc,2021-11-22/2021-11-28,-3.5594012982656853
abc,2021-11-29/2021-12-05,-3.9538949648250568
abc,2021-12-06/2021-12-12,-2.862865880603433
abc,2021-12-13/2021-12-19,-3.1058613791300047
abc,2021-12-20/2021-12-26,-2.863380803095189
abc,2021-12-27/2022-01-02,-3.4415693643802387
abc,2022-01-03/2022-01-09,-3.410207501913715
abc,2022-01-10/2022-01-16,-2.966953182298109
abc,2022-01-17/2022-01-23,-3.7535275070009475
abc,2022-01-24/2022-01-30,-3.158424619864196
abc,2022-01-31/2022-02-06,-3.1240178492353023
abc,2022-02-07/2022-02-13,-3.0182707259494443
abc,2022-02-14/2022-02-20,-3.4116290619223535
abc,2022-02-21/2022-02-27,-3.5657386379483667
abc,2022-02-28/2022-03-06,-3.2475235742920594
abc,2022-03-07/2022-03-13,-3.7089018245439394
abc,2022-03-14/2022-03-20,-3.3906223418233354
abc,2022-03-21/2022-03-27,-2.9659475640354844
abc,2022-03-28/2022-04-03,-2.7094899009514206
abc,2022-04-04/2022-04-10,-3.7528468634170014
abc,2022-04-11/2022-04-17,-3.4329464455411105
abc,2022-04-18/2022-04-24,-3.3505283057393145
abc,2022-04-25/2022-05-01,-3.4051769783435577
abc,2022-05-02/2022-05-08,-3.066188611545494
abc,2022-05-09/2022-05-15,-3.3378291690929203
abc,2022-05-16/2022-05-22,-3.6842269173383264
abc,2022-05-23/2022-05-29,-3.4113652804465144
abc,2022-05-30/2022-06-05,-3.2119533428032074
abc,2022-06-06/2022-06-12,-3.2749646993751735
abc,2022-06-13/2022-06-19,-3.286585366881403
abc,2022-06-20/2022-06-26,-3.322421593291076
abc,2022-06-27/2022-07-03,-3.043670393661746
abc,2022-07-04/2022-07-10,-3.9599655302464045
abc,2022-07-11/2022-07-17,-3.4014467385672833
abc,2022-07-18/2022-07-24,-2.9925908229181086
abc,2022-07-25/2022-07-31,-3.1808668620319343
abc,2022-08-01/2022-08-07,-3.3865235141952255
abc,2022-08-08/2022-08-14,-3.766373881314378
abc,2022-08-15/2022-08-21,-3.3624133382810166
abc,2022-08-22/2022-08-28,-2.8861659075281105
abc,2022-08-29/2022-09-04,-3.350397952688033
abc,2022-09-05/2022-09-11,-3.3755072915259663
abc,2022-09-12/2022-09-18,-2.897212425086412
abc,2022-09-19/2022-09-25,-3.411365401202714
abc,2022-09-26/2022-10-02,-3.8016473303588403
abc,2022-10-03/2022-10-09,-3.651023816770934
abc,2022-10-10/2022-10-16,-3.004757737319032
abc,2022-10-17/2022-10-23,-3.2630129698378787
abc,2022-10-24/2022-10-30,-3.1716041922335423
abc,2022-10-31/2022-11-06,-2.5006768792323304
abc,2022-11-07/2022-11-13,-2.964786837951522
abc,2022-11-14/2022-11-20,-3.1253468182962596
abc,2022-11-21/2022-11-27,-3.415393347422762
abc,2022-11-28/2022-12-04,-2.9769606583681414
abc,2022-12-05/2022-12-11,-3.676150710780772
abc,2022-12-12/2022-12-18,-3.3066612446474846
abc,2022-12-19/2022-12-25,-3.6723069606418344
abc,2022-12-26/2023-01-01,-3.1296612605169205
abc,2023-01-02/2023-01-08,-2.876767134740295
abc,2023-01-09/2023-01-15,-3.1801897705423894
abc,2023-01-16/2023-01-22,-3.469800139649351
abc,2023-01-23/2023-01-29,-3.3741239991853083
abc,2023-01-30/2023-02-05,-2.689789326500202
abc,2023-02-06/2023-02-12,-2.9983996141945615
abc,2023-02-13/2023-02-19,-2.572034640390289
abc,2023-02-20/2023-02-26,-2.799127039226601
abc,2023-02-27/2023-03-05,-2.9319679000700587
abc,2023-03-06/2023-03-12,-2.8008953361872395
abc,2023-03-13/2023-03-19,-2.6100375719511404
abc,2023-03-20/2023-03-26,-3.52080840918226
abc,2023-03-27/2023-04-02,-3.548986160907438
abc,2023-04-03/2023-04-09,-2.7366463329340296
abc,2023-04-10/2023-04-16,-2.699687887908581
abc,2023-04-17/2023-04-23,-3.0163428603161684
abc,2023-04-24/2023-04-30,-2.8697357406903055
abc,2023-05-01/2023-05-07,-3.0368238359836384
abc,2023-05-08/2023-05-14,-3.340584367305289
abc,2023-05-15/2023-05-21,-3.0739488622893103
abc,2023-05-22/2023-05-28,-2.760247340004398
abc,2023-05-29/2023-06-04,-3.2169578212643826
abc,2023-06-05/2023-06-11,-3.1034365119255245
abc,2023-06-12/2023-06-18,-2.857672406694744
abc,2023-06-19/2023-06-25,-2.865527437997269
abc,2023-06-26/2023-07-02,-3.081332319816884
abc,2023-07-03/2023-07-09,-3.2343933685009745
abc,2023-07-10/2023-07-16,-3.6116261502161233
abc,2023-07-17/2023-07-23,-3.2139174995619055
abc,2023-07-24/2023-07-30,-3.1037742621657514
abc,2023-07-31/2023-08-06,-3.6923155585762606
abc,2023-08-07/2023-08-13,-3.7265823375278804
abc,2023-08-14/2023-08-20,-2.9817034316722726
abc,2023-08-21/2023-08-27,-2.837713978581074
abc,2023-08-28/2023-09-03,-3.0703398670315103
abc,2023-09-04/2023-09-10,-2.7256025360989002
abc,2023-09-11/2023-09-17,-3.0797012985330023
abc,2023-09-18/2023-09-24,-3.1279067306378745
abc,2023-09-25/2023-10-01,-3.566136146993915
abc,2023-10-02/2023-10-08,-3.0874799177407724
abc,2023-10-09/2023-10-15,-3.4496639554326944
abc,2023-10-16/2023-10-22,-3.2268980569102865
abc,2023-10-23/2023-10-29,-2.763658089916436
abc,2023-10-30/2023-11-05,-2.944462346535822
abc,2023-11-06/2023-11-12,-3.365649373802591
abc,2023-11-13/2023-11-19,-2.369075238418922
abc,2023-11-20/2023-11-26,-2.8065720933169054
abc,2023-11-27/2023-12-03,-2.744866321832467
abc,2023-12-04/2023-12-10,-2.7406366570674017
abc,2023-12-11/2023-12-17,-3.0537776098178053
abc,2023-12-18/2023-12-24,-2.6394325630823627
abc,2023-12-25/2023-12-31,-2.901130909933593
abc,2024-01-01/2024-01-07,-2.566656329829818
abc,2024-01-08/2024-01-14,-2.715004948232157
abc,2024-01-15/2024-01-21,-2.4800824294128962
abc,2024-01-22/2024-01-28,-3.2406313222875434
abc,2024-01-29/2024-02-04,-2.723470603147545
abc,2024-02-05/2024-02-11,-2.662391949161259
abc,2024-02-12/2024-02-18,-2.7440045227061436
abc,2024-02-19/2024-02-25,-2.7702188227400755
abc,2024-02-26/2024-03-03,-2.960116694466731
abc,2024-03-04/2024-03-10,-2.5019681527800373
abc,2024-03-11/2024-03-17,-2.7578504246324353
abc,2024-03-18/2024-03-24,-3.0150754378892395
abc,2024-03-25/2024-03-31,-2.313207203173414
abc,2024-04-01/2024-04-07,-2.981306550805644
abc,2024-04-08/2024-04-14,-3.119469210343484
abc,2024-04-15/2024-04-21,-3.432243301359723
abc,2024-04-22/2024-04-28,-3.265064597426144
abc,2024-04-29/2024-05-05,-3.003651369082447
abc,2024-05-06/2024-05-12,-2.563985216687278
abc,2024-05-13/2024-05-19,-2.725133445936867
abc,2024-05-20/2024-05-26,-2.6834738165570107
abc,2024-05-27/2024-06-02,-3.455776620627577
abc,2024-06-03/2024-06-09,-2.5183457888695213
abc,2024-06-10/2024-06-16,-2.752697938425891
abc,2024-06-17/2024-06-23,-2.638672886175575
abc,2024-06-24/2024-06-30,-3.703662882536318
abc,2024-07-01/2024-07-07,-2.964517837787813
abc,2024-07-08/2024-07-14,-3.2530626619591763
abc,2024-07-15/2024-07-21,-2.4398185287556977
abc,2024-07-22/2024-07-28,-2.909022153006483
abc,2024-07-29/2024-08-04,-2.8081334268991207
abc,2024-08-05/2024-08-11,-2.953800207082548
abc,2024-08-12/2024-08-18,-3.0506479281545933
abc,2024-08-19/2024-08-25,-3.1436816557811946
abc,2024-08-26/2024-09-01,-3.1349192784943565
abc,2024-09-02/2024-09-08,-3.193611290938948
abc,2024-09-09/2024-09-15,-3.347327383581728
abc,2024-09-16/2024-09-22,-2.8746004954459354
abc,2024-09-23/2024-09-29,-3.3048277016190695
abc,2024-09-30/2024-10-06,-2.624994493551339
abc,2024-10-07/2024-10-13,-3.1450486892904537
abc,2024-10-14/2024-10-20,-2.730580791434365
abc,2024-10-21/2024-10-27,-3.037210077112001
abc,2024-10-28/2024-11-03,-2.421072625624311
abc,2024-11-04/2024-11-10,-1.7101953428286711
abc,2024-11-11/2024-11-17,-2.2866610290896356
abc,2024-11-18/2024-11-24,-2.5361103621131447
abc,2024-11-25/2024-12-01,-2.645050237488682
abc,2024-12-02/2024-12-08,-2.5195604511633287
abc,2024-12-09/2024-12-15,-2.8799924898575715
abc,2024-12-16/2024-12-22,-3.43527283797227
abc,2024-12-23/2024-12-29,-2.6696277923350307
abc,2024-12-30/2025-01-05,-2.7071018462003016
abc,2025-01-06/2025-01-12,-2.496711929685753
abc,2025-01-13/2025-01-19,-2.794087218734789
abc,2025-01-20/2025-01-26,-2.4050067620875297
abc,2025-01-27/2025-02-02,-2.690349822270599
abc,2025-02-03/2025-02-09,-2.064871711884784
abc,2025-02-10/2025-02-16,-2.3964771557368465
abc,2025-02-17/2025-02-23,-2.7755775189629506
abc,2025-02-24/2025-03-02,-2.0857296028611354
abc,2025-03-03/2025-03-09,-1.9637239704405658
abc,2025-03-10/2025-03-16,-2.769457129534348
abc,2025-03-17/2025-03-23,-2.763132681452327
abc,2025-03-24/2025-03-30,-2.4168216954807256
abc,2025-03-31/2025-04-06,-2.7391189833727823
fox,2015-02-16/2015-02-22,-2.4514329602630403
fox,2015-02-23/2015-03-01,-2.8566069470044977
fox,2015-03-02/2015-03-08,-2.690899661051314
fox,2015-03-09/2015-03-15,-2.7114516995790097
fox,2015-03-16/2015-03-22,-2.695139316924441
fox,2015-03-23/2015-03-29,-2.32763897621959
fox,2015-03-30/2015-04-05,-2.185974291494826
fox,2015-04-06/2015-04-12,-2.476698902388173
fox,2015-04-13/2015-04-19,-3.2670209515499025
fox,2015-04-20/2015-04-26,-2.4805481118057564
fox,2015-04-27/2015-05-03,-2.7965830223912547
fox,2015-05-04/2015-05-10,-2.0892226488531156
fox,2015-05-11/2015-05-17,-2.827228464040636
fox,2015-05-18/2015-05-24,-3.0799555011840423
fox,2015-05-25/2015-05-31,-2.703221238487218
fox,2015-06-01/2015-06-07,-2.140209088583866
fox,2015-06-08/2015-06-14,-2.3047840029388897
fox,2015-06-15/2015-06-21,-2.9069661381203638
fox,2015-06-22/2015-06-28,-2.910428812536875
fox,2015-06-29/2015-07-05,-2.5214184808668385
fox,2015-07-06/2015-07-12,-2.3044876155744483
fox,2015-07-13/2015-07-19,-2.7539029600880136
fox,2015-07-20/2015-07-26,-2.6258816662931537
fox,2015-07-27/2015-08-02,-2.578885332215824
fox,2015-08-03/2015-08-09,-2.9099139200186475
fox,2015-08-10/2015-08-16,-2.6674707318013513
fox,2015-08-17/2015-08-23,-2.306539580343957
fox,2015-08-24/2015-08-30,-3.161757293415748
fox,2015-08-31/2015-09-06,-3.1703870711022026
fox,2015-09-07/2015-09-13,-3.029773922492832
fox,2015-09-14/2015-09-20,-2.3801411351222628
fox,2015-09-21/2015-09-27,-2.4176630393583554
fox,2015-09-28/2015-10-04,-2.276917604676349
fox,2015-10-05/2015-10-11,-2.2799239824948208
fox,2015-10-12/2015-10-18,-2.379215841196788
fox,2015-10-19/2015-10-25,-2.34156954155511
fox,2015-10-26/2015-11-01,-2.6642515557280793
fox,2015-11-02/2015-11-08,-2.453550291861369
fox,2015-11-09/2015-11-15,-2.62258723799127
fox,2015-11-16/2015-11-22,-3.0355642151075073
fox,2015-11-23/2015-11-29,-2.4112948251208666
fox,2015-11-30/2015-12-06,-3.078698847104542
fox,2015-12-07/2015-12-13,-2.9309789082191284
fox,2015-12-14/2015-12-20,-3.6530638309171897
fox,2015-12-21/2015-12-27,-3.4029953960572175
fox,2015-12-28/2016-01-03,-2.723906428804837
fox,2016-01-04/2016-01-10,-3.3879271509329927
fox,2016-01-11/2016-01-17,-3.3379233040060377
fox,2016-01-18/2016-01-24,-2.7215246305908933
fox,2016-01-25/2016-01-31,-3.1433619650805777
fox,2016-02-01/2016-02-07,-3.035549494535273
fox,2016-02-08/2016-02-14,-2.8757679946783066
fox,2016-02-15/2016-02-21,-2.186143841785508
fox,2016-02-22/2016-02-28,-2.532188329934501
fox,2016-02-29/2016-03-06,-2.6036097915552547
fox,2016-03-07/2016-03-13,-2.50589772729176
fox,2016-03-14/2016-03-20,-3.394289648811137
fox,2016-03-21/2016-03-27,-3.2026110386954163
fox,2016-03-28/2016-04-03,-3.2837452170295225
fox,2016-04-04/2016-04-10,-3.1820354610363366
fox,2016-04-11/2016-04-17,-3.131875463499317
fox,2016-04-18/2016-04-24,-2.1098662167306244
fox,2016-04-25/2016-05-01,-2.298451826005711
fox,2016-05-02/2016-05-08,-2.081323061943372
fox,2016-05-09/2016-05-15,-2.9089331961170446
fox,2016-05-16/2016-05-22,-2.256213077874355
fox,2016-05-23/2016-05-29,-2.1465984641227167
fox,2016-05-30/2016-06-05,-3.0149906870198673
fox,2016-06-06/2016-06-12,-2.2566675469548914
fox,2016-06-13/2016-06-19,-3.0147209012403158
fox,2016-06-20/2016-06-26,-2.8532373645278755
fox,2016-06-27/2016-07-03,-2.5861776811055437
fox,2016-07-04/2016-07-10,-2.7392621987749424
fox,2016-07-11/2016-07-17,-2.7439025330755977
fox,2016-07-18/2016-07-24,-2.4393872674109094
fox,2016-07-25/2016-07-31,-2.546472925514416
fox,2016-08-01/2016-08-07,-2.7441209840113916
fox,2016-08-08/2016-08-14,-2.8535219845858557
fox,2016-08-15/2016-08-21,-3.080893251727137
fox,2016-08-22/2016-08-28,-2.8092424628493204
fox,2016-08-29/2016-09-04,-2.8493343119748666
fox,2016-09-05/2016-09-11,-2.713358807344238
fox,2016-09-12/2016-09-18,-3.1353462949962125
fox,2016-09-19/2016-09-25,-3.155029047550846
fox,2016-09-26/2016-10-02,-2.6974321131951955
fox,2016-10-03/2016-10-09,-2.934395897419712
fox,2016-10-10/2016-10-16,-2.738152445015862
fox,2016-10-17/2016-10-23,-2.4193938415443217
fox,2016-10-24/2016-10-30,-2.7680539102011843
fox,2016-10-31/2016-11-06,-3.0932873202509152
fox,2016-11-07/2016-11-13,-2.5085486939120725
fox,2016-11-14/2016-11-20,-2.8916570202227816
fox,2016-11-21/2016-11-27,-2.5331206805153403
fox,2016-11-28/2016-12-04,-2.640213005013721
fox,2016-12-05/2016-12-11,-3.4221918175267017
fox,2016-12-12/2016-12-18,-2.953297063387723
fox,2016-12-19/2016-12-25,-2.8965727408512545
fox,2016-12-26/2017-01-01,-2.527939025473551
fox,2017-01-02/2017-01-08,-2.5966280204497116
fox,2017-01-09/2017-01-15,-3.467052589103429
fox,2017-01-16/2017-01-22,-2.818406650113563
fox,2017-01-23/2017-01-29,-3.0283635744633504
fox,2017-01-30/2017-02-05,-2.792549781444533
fox,2017-02-06/2017-02-12,-3.2727337849967277
fox,2017-02-13/2017-02-19,-3.3823722202194837
fox,2017-02-20/2017-02-26,-2.5118401240366572
fox,2017-02-27/2017-03-05,-1.627572404241609
fox,2017-03-06/2017-03-12,-2.409737420585897
fox,2017-03-13/2017-03-19,-2.6615921932881004
fox,2017-03-20/2017-03-26,-3.93989615078518
fox,2017-03-27/2017-04-02,-3.312409068037771
fox,2017-04-03/2017-04-09,-3.401832582008369
fox,2017-04-10/2017-04-16,-3.5564835478700205
fox,2017-04-17/2017-04-23,-3.9222413409821018
fox,2017-04-24/2017-04-30,-3.4340714454839167
fox,2017-05-01/2017-05-07,-3.8218040265530218
fox,2017-05-08/2017-05-14,-3.832921493271869
fox,2017-05-15/2017-05-21,-3.288936899818889
fox,2017-05-22/2017-05-28,-3.4622635634811845
fox,2017-05-29/2017-06-04,-3.8812530737135504
fox,2017-06-05/2017-06-11,-3.5334224804378604
fox,2017-06-12/2017-06-18,-4.094268025881491
fox,2017-06-19/2017-06-25,-3.9567480430307076
fox,2017-06-26/2017-07-02,-4.002527983709894
fox,2017-07-03/2017-07-09,-3.5810355391722197
fox,2017-07-10/2017-07-16,-3.732087210417078
fox,2017-07-17/2017-07-23,-2.977279908839513
fox,2017-07-24/2017-07-30,-3.3153363370819267
fox,2017-07-31/2017-08-06,-3.4301152328829363
fox,2017-08-07/2017-08-13,-3.910601585739288
fox,2017-08-14/2017-08-20,-3.995772754147743
fox,2017-08-21/2017-08-27,-3.4156220959798405
fox,2017-08-28/2017-09-03,-3.2680487825291955
fox,2017-09-04/2017-09-10,-3.603572960043356
fox,2017-09-11/2017-09-17,-3.883756208032007
fox,2017-09-18/2017-09-24,-3.829371491444657
fox,2017-09-25/2017-10-01,-3.8151788969911
fox,2017-10-02/2017-10-08,-3.9393912808510083
fox,2017-10-09/2017-10-15,-3.8190703284016925
fox,2017-10-16/2017-10-22,-4.457571916953514
fox,2017-10-23/2017-10-29,-3.635775538301255
fox,2017-10-30/2017-11-05,-4.015420844715404
fox,2017-11-06/2017-11-12,-3.755899853553308
fox,2017-11-13/2017-11-19,-3.433284951964572
fox,2017-11-20/2017-11-26,-3.853109665448334
fox,2017-11-27/2017-12-03,-3.5051344897027152
fox,2017-12-04/2017-12-10,-3.6716695294408117
fox,2017-12-11/2017-12-17,-3.7334241596246978
fox,2017-12-18/2017-12-24,-3.838307824182493
fox,2017-12-25/2017-12-31,-3.5733556305442025
fox,2018-01-01/2018-01-07,-3.7881864868095474
fox,2018-01-08/2018-01-14,-3.521987747169923
fox,2018-01-15/2018-01-21,-3.441704231327139
fox,2018-01-22/2018-01-28,-3.475480346033328
fox,2018-01-29/2018-02-04,-3.2003145353255347
fox,2018-02-05/2018-02-11,-3.9108154098738965
fox,2018-02-12/2018-02-18,-3.474548930862292
fox,2018-02-19/2018-02-25,-3.8415370482976616
fox,2018-02-26/2018-03-04,-3.979589655466934
fox,2018-03-05/2018-03-11,-3.7921394447797536
fox,2018-03-12/2018-03-18,-3.8462541164352837
fox,2018-03-19/2018-03-25,-3.9985498574330447
fox,2018-03-26/2018-04-01,-3.2005607281533854
fox,2018-04-02/2018-04-08,-3.6693916487287117
fox,2018-04-09/2018-04-15,-3.646926159139741
fox,2018-04-16/2018-04-22,-3.162548285837012
fox,2018-04-23/2018-04-29,-3.7462546155421803
fox,2018-04-30/2018-05-06,-3.0555881998852894
fox,2018-05-07/2018-05-13,-3.167060566279424
fox,2018-05-14/2018-05-20,-3.2221400864706005
fox,2018-05-21/2018-05-27,-3.2886423413927934
fox,2018-05-28/2018-06-03,-3.455025916328207
fox,2018-06-04/2018-06-10,-3.4579925564381195
fox,2018-06-11/2018-06-17,-2.9419601045377393
fox,2018-06-18/2018-06-24,-2.720567431058608
fox,2018-06-25/2018-07-01,-2.66238189746202
fox,2018-07-02/2018-07-08,-2.1338518404990126
fox,2018-07-09/2018-07-15,-2.3519512707136117
fox,2018-07-16/2018-07-22,-2.505553257574258
fox,2018-07-23/2018-07-29,-2.6098423785380014
fox,2018-07-30/2018-08-05,-2.70818961530191
fox,2018-08-06/2018-08-12,-2.944502307587464
fox,2018-08-13/2018-08-19,-2.883313061764067
fox,2018-08-20/2018-08-26,-2.584078495698631
fox,2018-08-27/2018-09-02,-2.489815160483275
fox,2018-09-03/2018-09-09,-2.904115131345914
fox,2018-09-10/2018-09-16,-3.3847308535369853
fox,2018-09-17/2018-09-23,-2.1973006984610617
fox,2018-09-24/2018-09-30,-3.1448073923123734
fox,2018-10-01/2018-10-07,-2.830547592388431
fox,2018-10-08/2018-10-14,-2.7869820500423286
fox,2018-10-15/2018-10-21,-2.429586835836392
fox,2018-10-22/2018-10-28,-2.7322094664400716
fox,2018-10-29/2018-11-04,-2.9267628966240493
fox,2018-11-05/2018-11-11,-2.766164863900675
fox,2018-11-12/2018-11-18,-2.845376101102174
fox,2018-11-19/2018-11-25,-2.8373424743600886
fox,2018-11-26/2018-12-02,-2.8968829974616273
fox,2018-12-03/2018-12-09,-2.4887318949590793
fox,2018-12-10/2018-12-16,-2.567836012421246
fox,2018-12-17/2018-12-23,-2.702009281034222
fox,2018-12-24/2018-12-30,-2.1671957847883747
fox,2018-12-31/2019-01-06,-2.836744434375265
fox,2019-01-07/2019-01-13,-2.070423989074684
fox,2019-01-14/2019-01-20,-2.048952594570415
fox,2019-01-21/2019-01-27,-2.098220954387444
fox,2019-01-28/2019-02-03,-1.8404096429888104
fox,2019-02-04/2019-02-10,-2.0779431018959893
fox,2019-02-11/2019-02-17,-2.5443478035686815
fox,2019-02-18/2019-02-24,-3.0595749973541864
fox,2019-02-25/2019-03-03,-2.724282189582887
fox,2019-03-04/2019-03-10,-2.8272987057862626
fox,2019-03-11/2019-03-17,-3.077711862291975
fox,2019-03-18/2019-03-24,-3.1115865038031854
fox,2019-03-25/2019-03-31,-3.420149967437986
fox,2019-04-01/2019-04-07,-2.5688734752755185
fox,2019-04-08/2019-04-14,-3.452617958909543
fox,2019-04-15/2019-04-21,-2.8587195922457798
fox,2019-04-22/2019-04-28,-3.108864356054396
fox,2019-04-29/2019-05-05,-2.9319687742329443
fox,2019-05-06/2019-05-12,-2.990911796181024
fox,2019-05-13/2019-05-19,-3.0295905937347913
fox,2019-05-20/2019-05-26,-3.1839546475970146
fox,2019-05-27/2019-06-02,-2.786893854449907
fox,2019-06-03/2019-06-09,-2.9349243509693936
fox,2019-06-10/2019-06-16,-3.345455253333056
fox,2019-06-17/2019-06-23,-2.7113778051005832
fox,2019-06-24/2019-06-30,-2.217040090370745
fox,2019-07-01/2019-07-07,-2.2251148923329387
fox,2019-07-08/2019-07-14,-2.332880810518223
fox,2019-07-15/2019-07-21,-2.2642348083181614
fox,2019-07-22/2019-07-28,-1.757316726623081
fox,2019-07-29/2019-08-04,-2.416292158685804
fox,2019-08-05/2019-08-11,-2.965073257606028
fox,2019-08-12/2019-08-18,-2.9694389197102686
fox,2019-08-19/2019-08-25,-2.4961042129273445
fox,2019-08-26/2019-09-01,-3.018449043133068
fox,2019-09-02/2019-09-08,-2.5255316296092736
fox,2019-09-09/2019-09-15,-2.6631957274857165
fox,2019-09-16/2019-09-22,-2.4481543876624925
fox,2019-09-23/2019-09-29,-2.2808806020524344
fox,2019-09-30/2019-10-06,-3.0015302285115975
fox,2019-10-07/2019-10-13,-2.7711935439672017
fox,2019-10-14/2019-10-20,-1.8504753297905323
fox,2019-10-21/2019-10-27,-2.2326663027636444
fox,2019-10-28/2019-11-03,-2.5868949972476347
fox,2019-11-04/2019-11-10,-1.9009192536891362
fox,2019-11-11/2019-11-17,-1.7623512920873337
fox,2019-11-18/2019-11-24,-2.1654738775569586
fox,2019-11-25/2019-12-01,-2.123553802935074
fox,2019-12-02/2019-12-08,-2.039450353804486
fox,2019-12-09/2019-12-15,-2.1438111165966696
fox,2019-12-16/2019-12-22,-2.7376491029438506
fox,2019-12-23/2019-12-29,-1.400282955681212
fox,2019-12-30/2020-01-05,-2.0274510740120957
fox,2020-01-06/2020-01-12,-2.508809531045571
fox,2020-01-13/2020-01-19,-2.781336776367435
fox,2020-01-20/2020-01-26,-2.6380263616974484
fox,2020-01-27/2020-02-02,-2.0071649552502775
fox,2020-02-03/2020-02-09,-1.8065543447118217
fox,2020-02-10/2020-02-16,-1.66583744951978
fox,2020-02-17/2020-02-23,-2.1787042183737944
fox,2020-02-24/2020-03-01,-1.8860426249607267
fox,2020-03-02/2020-03-08,-1.9780016231177893
fox,2020-03-09/2020-03-15,-2.43612379072602
fox,2020-03-16/2020-03-22,-2.306562656192353
fox,2020-03-23/2020-03-29,-2.1067876230311473
fox,2020-03-30/2020-04-05,-2.0254761522742375
fox,2020-04-06/2020-04-12,-1.8371300554854293
fox,2020-04-13/2020-04-19,-1.7760027769522193
fox,2020-04-20/2020-04-26,-1.9365917156341923
fox,2020-04-27/2020-05-03,-1.7157620844607187
fox,2020-05-04/2020-05-10,-2.097709838144152
fox,2020-05-11/2020-05-17,-2.069843792258733
fox,2020-05-18/2020-05-24,-1.6417933118626205
fox,2020-05-25/2020-05-31,-2.9349218816317135
fox,2020-06-01/2020-06-07,-4.10669613121537
fox,2020-06-08/2020-06-14,-2.972381593926017
fox,2020-06-15/2020-06-21,-1.8904901989997915
fox,2020-06-22/2020-06-28,-2.4586270399225882
fox,2020-06-29/2020-07-05,-2.1087740962734447
fox,2020-07-06/2020-07-12,-2.3695547465220708
fox,2020-07-13/2020-07-19,-2.4440794201000537
fox,2020-07-20/2020-07-26,-2.3196845782957007
fox,2020-07-27/2020-08-02,-2.774881003541436
fox,2020-08-03/2020-08-09,-2.4686795352215003
fox,2020-08-10/2020-08-16,-2.162692491274781
fox,2020-08-17/2020-08-23,-2.3408520384686518
fox,2020-08-24/2020-08-30,-2.2762582235272446
fox,2020-08-31/2020-09-06,-2.8641512553471515
fox,2020-09-07/2020-09-13,-2.6048786797328694
fox,2020-09-14/2020-09-20,-2.2837678313195258
fox,2020-09-21/2020-09-27,-1.4921501054802788
fox,2020-09-28/2020-10-04,-2.099017103709664
fox,2020-10-05/2020-10-11,-2.237925464387614
fox,2020-10-12/2020-10-18,-1.83363585530364
fox,2020-10-19/2020-10-25,-2.0385848680407173
fox,2020-10-26/2020-11-01,-2.1004829055896517
fox,2020-11-02/2020-11-08,-1.4343669470852072
fox,2020-11-09/2020-11-15,-1.6383505032842438
fox,2020-11-16/2020-11-22,-1.7083350203411973
fox,2020-11-23/2020-11-29,-1.7276405024500812
fox,2020-11-30/2020-12-06,-1.6944798722771761
fox,2020-12-07/2020-12-13,-1.729001067560364
fox,2020-12-14/2020-12-20,-1.8071985662017687
fox,2020-12-21/2020-12-27,-1.7268190947253896
fox,2020-12-28/2021-01-03,-1.797789079162524
fox,2021-01-04/2021-01-10,-2.935811891832723
fox,2021-01-11/2021-01-17,-3.0110192695745552
fox,2021-01-18/2021-01-24,-2.253968509986177
fox,2021-01-25/2021-01-31,-2.597804149975891
fox,2021-02-01/2021-02-07,-1.9409529354298185
fox,2021-02-08/2021-02-14,-2.3263605485056242
fox,2021-02-15/2021-02-21,-1.9765268773158389
fox,2021-02-22/2021-02-28,-2.028859226557224
fox,2021-03-01/2021-03-07,-2.1606261226780936
fox,2021-03-08/2021-03-14,-2.2574284178249484
fox,2021-03-15/2021-03-21,-2.45791630071707
fox,2021-03-22/2021-03-28,-2.247963422012374
fox,2021-03-29/2021-04-04,-2.6713364130619994
fox,2021-04-05/2021-04-11,-2.2704778639280905
fox,2021-04-12/2021-04-18,-2.4117966629926335
fox,2021-04-19/2021-04-25,-2.804626060479337
fox,2021-04-26/2021-05-02,-1.7505043172363608
fox,2021-05-03/2021-05-09,-1.8349694127373528
fox,2021-05-10/2021-05-16,-2.315264993835406
fox,2021-05-17/2021-05-23,-2.725865955450038
fox,2021-05-24/2021-05-30,-2.258897153542031
fox,2021-05-31/2021-06-06,-1.9896728959575618
fox,2021-06-07/2021-06-13,-2.4301882591007513
fox,2021-06-14/2021-06-20,-2.621105400428705
fox,2021-06-21/2021-06-27,-2.8588648265450174
fox,2021-06-28/2021-07-04,-2.4921134341321065
fox,2021-07-05/2021-07-11,-2.4683524608098177
fox,2021-07-12/2021-07-18,-2.5762006590157362
fox,2021-07-19/2021-07-25,-2.449284937035972
fox,2021-07-26/2021-08-01,-2.440037470099277
fox,2021-08-02/2021-08-08,-2.9718784134295784
fox,2021-08-09/2021-08-15,-2.40044274112854
fox,2021-08-16/2021-08-22,-2.548728036771995
fox,2021-08-23/2021-08-29,-3.360715108079695
fox,2021-08-30/2021-09-05,-2.6186995516432283
fox,2021-09-06/2021-09-12,-2.377600190264911
fox,2021-09-13/2021-09-19,-2.479908995638822
fox,2021-09-20/2021-09-26,-2.566330172484832
fox,2021-09-27/2021-10-03,-2.121547441855954
fox,2021-10-04/2021-10-10,-2.140434048558581
fox,2021-10-11/2021-10-17,-2.522206949430114
fox,2021-10-18/2021-10-24,-2.703114353765607
fox,2021-10-25/2021-10-31,-2.768199714473036
fox,2021-11-01/2021-11-07,-2.3975165872421296
fox,2021-11-08/2021-11-14,-2.483893335674667
fox,2021-11-15/2021-11-21,-2.3087492412174413
fox,2021-11-22/2021-11-28,-2.929561025232117
fox,2021-11-29/2021-12-05,-2.9995598547620594
fox,2021-12-06/2021-12-12,-2.988669475743615
fox,2021-12-13/2021-12-19,-2.1174176487009384
fox,2021-12-20/2021-12-26,-2.418316371797746
fox,2021-12-27/2022-01-02,-2.1631878099638917
fox,2022-01-03/2022-01-09,-2.573927673758111
fox,2022-01-10/2022-01-16,-2.3446484758750485
fox,2022-01-17/2022-01-23,-2.4396942958442542
fox,2022-01-24/2022-01-30,-2.5428238274353907
fox,2022-01-31/2022-02-06,-2.462309233650663
fox,2022-02-07/2022-02-13,-2.349022440130951
fox,2022-02-14/2022-02-20,-2.9965924294949366
fox,2022-02-21/2022-02-27,-2.816098999346935
fox,2022-02-28/2022-03-06,-2.7556552061024107
fox,2022-03-07/2022-03-13,-3.0026471950881737
fox,2022-03-14/2022-03-20,-2.5708653715011867
fox,2022-03-21/2022-03-27,-2.412242427852422
fox,2022-03-28/2022-04-03,-2.7449993981488223
fox,2022-04-04/2022-04-10,-2.5275818809968
fox,2022-04-11/2022-04-17,-2.5688936890171368
fox,2022-04-18/2022-04-24,-2.8216453618255217
fox,2022-04-25/2022-05-01,-2.8214263973372877
fox,2022-05-02/2022-05-08,-2.9917240523078155
fox,2022-05-09/2022-05-15,-2.802510040037495
fox,2022-05-16/2022-05-22,-2.475186429883838
fox,2022-05-23/2022-05-29,-2.9578880239595864
fox,2022-05-30/2022-06-05,-3.0739756103444438
fox,2022-06-06/2022-06-12,-2.7437796566961405
fox,2022-06-13/2022-06-19,-2.447803304131195
fox,2022-06-20/2022-06-26,-2.6742096367018857
fox,2022-06-27/2022-07-03,-2.835515392927292
fox,2022-07-04/2022-07-10,-2.549820509718525
fox,2022-07-11/2022-07-17,-2.517840906566535
fox,2022-07-18/2022-07-24,-2.6147897358308994
fox,2022-07-25/2022-07-31,-2.362197946267379
fox,2022-08-01/2022-08-07,-2.34393939247764
fox,2022-08-08/2022-08-14,-2.920650139265049
fox,2022-08-15/2022-08-21,-2.347821516805309
fox,2022-08-22/2022-08-28,-2.4681084747745174
fox,2022-08-29/2022-09-04,-3.0690940940655205
fox,2022-09-05/2022-09-11,-2.316566861663348
fox,2022-09-12/2022-09-18,-2.793686647769672
fox,2022-09-19/2022-09-25,-2.6037898894639633
fox,2022-09-26/2022-10-02,-3.0955425568281107
fox,2022-10-03/2022-10-09,-3.4175584222898463
fox,2022-10-10/2022-10-16,-2.836502087105422
fox,2022-10-17/2022-10-23,-3.1261360461344636
fox,2022-10-24/2022-10-30,-2.721045934838732
fox,2022-10-31/2022-11-06,-2.5766499603475355
fox,2022-11-07/2022-11-13,-1.7931456038323366
fox,2022-11-14/2022-11-20,-2.4759639337638064
fox,2022-11-21/2022-11-27,-2.6130676203068877
fox,2022-11-28/2022-12-04,-2.6561660658354493
fox,2022-12-05/2022-12-11,-2.4320478868405866
fox,2022-12-12/2022-12-18,-2.446436465514217
fox,2022-12-19/2022-12-25,-2.109923894405244
fox,2022-12-26/2023-01-01,-2.226141357019176
fox,2023-01-02/2023-01-08,-2.2156141526110193
fox,2023-01-09/2023-01-15,-2.833641320425405
fox,2023-01-16/2023-01-22,-2.639531213200196
fox,2023-01-23/2023-01-29,-2.9058408812039285
fox,2023-01-30/2023-02-05,-2.733621769357092
fox,2023-02-06/2023-02-12,-2.7311362022221624
fox,2023-02-13/2023-02-19,-2.6777886919667986
fox,2023-02-20/2023-02-26,-3.2519700574446606
fox,2023-02-27/2023-03-05,-3.193372460780653
fox,2023-03-06/2023-03-12,-2.909296653523064
fox,2023-03-13/2023-03-19,-2.8796910681769705
fox,2023-03-20/2023-03-26,-3.689608649879609
fox,2023-03-27/2023-04-02,-3.1221074024083144
fox,2023-04-03/2023-04-09,-3.3015532753418344
fox,2023-04-10/2023-04-16,-2.8787306289678596
fox,2023-04-17/2023-04-23,-2.874133935588496
fox,2023-04-24/2023-04-30,-2.8706687167481717
fox,2023-05-01/2023-05-07,-3.0648967706543147
fox,2023-05-08/2023-05-14,-2.655300451651506
fox,2023-05-15/2023-05-21,-3.417206160236668
fox,2023-05-22/2023-05-28,-2.8781515401640707
fox,2023-05-29/2023-06-04,-2.557091074642067
fox,2023-06-05/2023-06-11,-2.712675344611017
fox,2023-06-12/2023-06-18,-2.8112042816810963
fox,2023-06-19/2023-06-25,-3.0416456611757807
fox,2023-06-26/2023-07-02,-2.566680541096194
fox,2023-07-03/2023-07-09,-2.930666010004512
fox,2023-07-10/2023-07-16,-2.915673850325649
fox,2023-07-17/2023-07-23,-3.301933385116137
fox,2023-07-24/2023-07-30,-3.167716146117454
fox,2023-07-31/2023-08-06,-3.176078048664856
fox,2023-08-07/2023-08-13,-3.376157520651117
fox,2023-08-14/2023-08-20,-3.432390342326446
fox,2023-08-21/2023-08-27,-3.243400928353047
fox,2023-08-28/2023-09-03,-3.030799353160078
fox,2023-09-04/2023-09-10,-2.8614133084861053
fox,2023-09-11/2023-09-17,-2.9874611590218723
fox,2023-09-18/2023-09-24,-2.679000836408479
fox,2023-09-25/2023-10-01,-3.208567825293034
fox,2023-10-02/2023-10-08,-2.799013922266661
fox,2023-10-09/2023-10-15,-3.5051839414329407
fox,2023-10-16/2023-10-22,-3.3134969143995656
fox,2023-10-23/2023-10-29,-2.915860465134059
fox,2023-10-30/2023-11-05,-3.0721315105235307
fox,2023-11-06/2023-11-12,-2.493099673272944
fox,2023-11-13/2023-11-19,-2.7356251577377777
fox,2023-11-20/2023-11-26,-2.020131933019162
fox,2023-11-27/2023-12-03,-2.5896308812328486
fox,2023-12-04/2023-12-10,-3.0005763592902492
fox,2023-12-11/2023-12-17,-2.287927226529397
fox,2023-12-18/2023-12-24,-2.339090921756344
fox,2023-12-25/2023-12-31,-2.108152654473459
fox,2024-01-01/2024-01-07,-2.7970799479773705
fox,2024-01-08/2024-01-14,-2.4048604605573605
fox,2024-01-15/2024-01-21,-1.6234109941949069
fox,2024-01-22/2024-01-28,-1.8610089584750569
fox,2024-01-29/2024-02-04,-2.5647597795078503
fox,2024-02-05/2024-02-11,-2.619056440234147
fox,2024-02-12/2024-02-18,-3.233892919113576
fox,2024-02-19/2024-02-25,-2.466210084012851
fox,2024-02-26/2024-03-03,-2.627592684270621
fox,2024-03-04/2024-03-10,-2.2032534740888923
fox,2024-03-11/2024-03-17,-2.654341511766889
fox,2024-03-18/2024-03-24,-2.430832168309179
fox,2024-03-25/2024-03-31,-3.0122363799385066
fox,2024-04-01/2024-04-07,-2.6866325780369893
fox,2024-04-08/2024-04-14,-2.631538432697692
fox,2024-04-15/2024-04-21,-3.0742908264643924
fox,2024-04-22/2024-04-28,-2.917885006653887
fox,2024-04-29/2024-05-05,-2.7755367002010485
fox,2024-05-06/2024-05-12,-2.3302190553927704
fox,2024-05-13/2024-05-19,-2.374155253911656
fox,2024-05-20/2024-05-26,-2.8343659550161178
fox,2024-05-27/2024-06-02,-3.1604936524995417
fox,2024-06-03/2024-06-09,-1.9651427288400212
fox,2024-06-10/2024-06-16,-2.3983306688028856
fox,2024-06-17/2024-06-23,-2.573557734093255
fox,2024-06-24/2024-06-30,-2.5471355279364825
fox,2024-07-01/2024-07-07,-1.9251731224821294
fox,2024-07-08/2024-07-14,-2.1927461782511934
fox,2024-07-15/2024-07-21,-1.6185051526635286
fox,2024-07-22/2024-07-28,-1.4248340498957741
fox,2024-07-29/2024-08-04,-2.1795153128880034
fox,2024-08-05/2024-08-11,-1.9734071714265755
fox,2024-08-12/2024-08-18,-1.9648912631988686
fox,2024-08-19/2024-08-25,-1.6055385849901944
fox,2024-08-26/2024-09-01,-1.9495384519527061
fox,2024-09-02/2024-09-08,-2.570984898414063
fox,2024-09-09/2024-09-15,-2.2447600473562273
fox,2024-09-16/2024-09-22,-2.487735244831943
fox,2024-09-23/2024-09-29,-1.7740353547568601
fox,2024-09-30/2024-10-06,-2.2785546130856305
fox,2024-10-07/2024-10-13,-2.423712632329432
fox,2024-10-14/2024-10-20,-1.858091786070247
fox,2024-10-21/2024-10-27,-1.761286122715463
fox,2024-10-28/2024-11-03,-1.4226524121780686
fox,2024-11-04/2024-11-10,-1.3197493138858416
fox,2024-11-11/2024-11-17,-1.0482271279099318
fox,2024-11-18/2024-11-24,-2.4341404159742344
fox,2024-11-25/2024-12-01,-1.6255802344415788
fox,2024-12-02/2024-12-08,-1.842249215414129
fox,2024-12-09/2024-12-15,-2.1595097583630127
fox,2024-12-16/2024-12-22,-1.9496287058906498
fox,2024-12-23/2024-12-29,-1.6349720654875477
fox,2024-12-30/2025-01-05,-2.217121699974628
fox,2025-01-06/2025-01-12,-2.4611138645084574
fox,2025-01-13/2025-01-19,-1.5632876427429467
fox,2025-01-20/2025-01-26,-1.8310653746875258
fox,2025-01-27/2025-02-02,-2.241919049873846
fox,2025-02-03/2025-02-09,-1.7676377850125868
fox,2025-02-10/2025-02-16,-2.0813268072194324
fox,2025-02-17/2025-02-23,-1.9862308944652858
fox,2025-02-24/2025-03-02,-2.1547488993803228
fox,2025-03-03/2025-03-09,-2.0265747652328456
fox,2025-03-10/2025-03-16,-1.9907250196915187
fox,2025-03-17/2025-03-23,-2.296787209048248
fox,2025-03-24/2025-03-30,-2.5279172957708473
fox,2025-03-31/2025-04-06,-2.480921081961884
msnbc,2015-02-16/2015-02-22,-2.1301635137905337
msnbc,2015-02-23/2015-03-01,-1.968766723313174
msnbc,2015-03-02/2015-03-08,-2.3872383017704295
msnbc,2015-03-09/2015-03-15,-2.094371205161229
msnbc,2015-03-16/2015-03-22,-2.166139498621159
msnbc,2015-03-23/2015-03-29,-1.809728853994481
msnbc,2015-03-30/2015-04-05,-2.087132556188396
msnbc,2015-04-06/2015-04-12,-1.9171248853327079
msnbc,2015-04-13/2015-04-19,-1.8563437902346729
msnbc,2015-04-20/2015-04-26,-2.0874970320949826
msnbc,2015-04-27/2015-05-03,-2.922791160895551
msnbc,2015-05-04/2015-05-10,-2.0006437211874992
msnbc,2015-05-11/2015-05-17,-2.3930446369523386
msnbc,2015-05-18/2015-05-24,-2.179119221175874
msnbc,2015-05-25/2015-05-31,-2.8764589027382677
msnbc,2015-06-01/2015-06-07,-1.422307394251216
msnbc,2015-06-08/2015-06-14,-1.6273984590898944
msnbc,2015-06-15/2015-06-21,-2.4128746560824412
msnbc,2015-06-22/2015-06-28,-1.956264661565971
msnbc,2015-06-29/2015-07-05,-1.1502475831514138
msnbc,2015-07-06/2015-07-12,-2.0516161612863626
msnbc,2015-07-13/2015-07-19,-1.926490335268018
msnbc,2015-07-20/2015-07-26,-2.48285696415289
msnbc,2015-07-27/2015-08-02,-2.569515005168782
msnbc,2015-08-03/2015-08-09,-2.7514896328105056
msnbc,2015-08-10/2015-08-16,-2.0807906197442914
msnbc,2015-08-17/2015-08-23,-2.1546570666930345
msnbc,2015-08-24/2015-08-30,-2.1639998055249015
msnbc,2015-08-31/2015-09-06,-1.9778257312616736
msnbc,2015-09-07/2015-09-13,-1.847949691029333
msnbc,2015-09-14/2015-09-20,-2.0619686902174394
msnbc,2015-09-21/2015-09-27,-1.372457265266705
msnbc,2015-09-28/2015-10-04,-2.2495365050044684
msnbc,2015-10-05/2015-10-11,-2.3243067926872554
msnbc,2015-10-12/2015-10-18,-1.9371432315034975
msnbc,2015-10-19/2015-10-25,-1.443171201676628
msnbc,2015-10-26/2015-11-01,-2.2648330088640494
msnbc,2015-11-02/2015-11-08,-1.7514888311270485
msnbc,2015-11-09/2015-11-15,-3.104063138547459
msnbc,2015-11-16/2015-11-22,-3.606082972673413
msnbc,2015-11-23/2015-11-29,-2.6278335821967014
msnbc,2015-11-30/2015-12-06,-3.401487414485283
msnbc,2015-12-07/2015-12-13,-2.4778329155355037
msnbc,2015-12-14/2015-12-20,-2.0654114037014293
msnbc,2015-12-21/2015-12-27,-3.099265487858091
msnbc,2015-12-28/2016-01-03,-3.0770365491747516
msnbc,2016-01-04/2016-01-10,-2.2526115733387257
msnbc,2016-01-11/2016-01-17,-1.3686276491057978
msnbc,2016-01-18/2016-01-24,-1.7134135329809201
msnbc,2016-01-25/2016-01-31,-1.7907664248029513
msnbc,2016-02-01/2016-02-07,-1.1838117519457787
msnbc,2016-02-08/2016-02-14,-1.6031107420243935
msnbc,2016-02-15/2016-02-21,-1.2881790794821288
msnbc,2016-02-22/2016-02-28,-1.3113486854536704
msnbc,2016-02-29/2016-03-06,-1.2185418000183403
msnbc,2016-03-07/2016-03-13,-1.695634682692388
msnbc,2016-03-14/2016-03-20,-1.7749171381849194
msnbc,2016-03-21/2016-03-27,-3.0419043515731015
msnbc,2016-03-28/2016-04-03,-2.01884859031125
msnbc,2016-04-04/2016-04-10,-1.8354863893168587
msnbc,2016-04-11/2016-04-17,-1.4293561449220031
msnbc,2016-04-18/2016-04-24,-1.211755320111243
msnbc,2016-04-25/2016-05-01,-1.7110295883018387
msnbc,2016-05-02/2016-05-08,-1.593573574074256
msnbc,2016-05-09/2016-05-15,-1.5986593775360398
msnbc,2016-05-16/2016-05-22,-1.9315010599712787
msnbc,2016-05-23/2016-05-29,-2.54194786874265
msnbc,2016-05-30/2016-06-05,-1.9603590279869685
msnbc,2016-06-06/2016-06-12,-1.5584715376937537
msnbc,2016-06-13/2016-06-19,-3.0641790654422048
msnbc,2016-06-20/2016-06-26,-1.3262714331456429
msnbc,2016-06-27/2016-07-03,-2.350135663868243
msnbc,2016-07-04/2016-07-10,-2.251894214570459
msnbc,2016-07-11/2016-07-17,-1.8552571511756402
msnbc,2016-07-18/2016-07-24,-1.961989760398801
msnbc,2016-07-25/2016-07-31,-1.709656365247835
msnbc,2016-08-01/2016-08-07,-0.3146192865217244
msnbc,2016-08-08/2016-08-14,-2.8399631578886013
msnbc,2016-08-15/2016-08-21,-2.2568453712281307
msnbc,2016-08-22/2016-08-28,-1.4969757595629465
msnbc,2016-08-29/2016-09-04,-1.7540804661517575
msnbc,2016-09-05/2016-09-11,-1.1451381488174024
msnbc,2016-09-12/2016-09-18,-1.8965262602517423
msnbc,2016-09-19/2016-09-25,-2.944441693961719
msnbc,2016-09-26/2016-10-02,-2.7251343445152725
msnbc,2016-10-03/2016-10-09,-2.8588149513354084
msnbc,2016-10-10/2016-10-16,-3.3902772455705605
msnbc,2016-10-17/2016-10-23,-2.3971825988951334
msnbc,2016-10-24/2016-10-30,-1.9377380871733847
msnbc,2016-10-31/2016-11-06,-1.671195705774727
msnbc,2016-11-07/2016-11-13,-1.5448948593037395
msnbc,2016-11-14/2016-11-20,-1.9124037206561468
msnbc,2016-11-21/2016-11-27,-1.007085630376267
msnbc,2016-11-28/2016-12-04,-1.616471343624492
msnbc,2016-12-05/2016-12-11,-2.158944486586938
msnbc,2016-12-12/2016-12-18,-1.8762387661512288
msnbc,2016-12-19/2016-12-25,-1.655518230512145
msnbc,2016-12-26/2017-01-01,-1.6175700966387017
msnbc,2017-01-02/2017-01-08,-1.3667809400811881
msnbc,2017-01-09/2017-01-15,-1.8677801191303667
msnbc,2017-01-16/2017-01-22,-1.1424020946988287
msnbc,2017-01-23/2017-01-29,-1.8679695030366787
msnbc,2017-01-30/2017-02-05,-2.1588040393883454
msnbc,2017-02-06/2017-02-12,-2.7767714086517956
msnbc,2017-02-13/2017-02-19,-2.3277857938431055
msnbc,2017-02-20/2017-02-26,-1.5196553302504923
msnbc,2017-02-27/2017-03-05,-1.7497615052834914
msnbc,2017-03-06/2017-03-12,-1.481543463877811
msnbc,2017-03-13/2017-03-19,-1.8096060843652613
msnbc,2017-03-20/2017-03-26,-1.3493990620730216
msnbc,2017-03-27/2017-04-02,-1.4192433471996229
msnbc,2017-04-03/2017-04-09,-1.542300404436529
msnbc,2017-04-10/2017-04-16,-1.677874823129255
msnbc,2017-04-17/2017-04-23,-2.0270525590444692
msnbc,2017-04-24/2017-04-30,-1.4079004300228355
msnbc,2017-05-01/2017-05-07,-1.8144798516516665
msnbc,2017-05-08/2017-05-14,-2.413289198140475
msnbc,2017-05-15/2017-05-21,-2.153703129190743
msnbc,2017-05-22/2017-05-28,-2.2941157284977756
msnbc,2017-05-29/2017-06-04,-2.349487243325651
msnbc,2017-06-05/2017-06-11,-2.1878950136479927
msnbc,2017-06-12/2017-06-18,-2.1612002343824894
msnbc,2017-06-19/2017-06-25,-0.9163961859219587
msnbc,2017-06-26/2017-07-02,-1.8730411284634423
msnbc,2017-07-03/2017-07-09,-1.183992213474422
msnbc,2017-07-10/2017-07-16,-2.2897911489158354
msnbc,2017-07-17/2017-07-23,-1.1442103964963812
msnbc,2017-07-24/2017-07-30,-2.048241174168542
msnbc,2017-07-31/2017-08-06,-1.3675314937926841
msnbc,2017-08-07/2017-08-13,-1.9032597419704749
msnbc,2017-08-14/2017-08-20,-3.561445295166695
msnbc,2017-08-21/2017-08-27,-2.7342697905781925
msnbc,2017-08-28/2017-09-03,-2.084306692928726
msnbc,2017-09-04/2017-09-10,-1.6580827618458904
msnbc,2017-09-11/2017-09-17,-1.9265873453929105
msnbc,2017-09-18/2017-09-24,-1.1614057073456605
msnbc,2017-09-25/2017-10-01,-1.9918694584358512
msnbc,2017-10-02/2017-10-08,-3.1707655405701813
msnbc,2017-10-09/2017-10-15,-2.68387334874575
msnbc,2017-10-16/2017-10-22,-2.689592956253037
msnbc,2017-10-23/2017-10-29,-2.371451032407839
msnbc,2017-10-30/2017-11-05,-3.4119833764625564
msnbc,2017-11-06/2017-11-12,-1.4701610998963137
msnbc,2017-11-13/2017-11-19,-2.756685314387921
msnbc,2017-11-20/2017-11-26,-1.8435924838729671
msnbc,2017-11-27/2017-12-03,-1.8834694941885368
msnbc,2017-12-04/2017-12-10,-1.5846537096515356
msnbc,2017-12-11/2017-12-17,-1.1036861329094845
msnbc,2017-12-18/2017-12-24,-1.6106962823136686
msnbc,2017-12-25/2017-12-31,-1.3062948240949115
msnbc,2018-01-01/2018-01-07,-1.870816628223333
msnbc,2018-01-08/2018-01-14,-1.4450133209058267
msnbc,2018-01-15/2018-01-21,-1.747154049128967
msnbc,2018-01-22/2018-01-28,-1.4664776318326245
msnbc,2018-01-29/2018-02-04,-1.5494489581032675
msnbc,2018-02-05/2018-02-11,-2.2719363695239947
msnbc,2018-02-12/2018-02-18,-2.769091141874179
msnbc,2018-02-19/2018-02-25,-2.76842248023798
msnbc,2018-02-26/2018-03-04,-1.9370655067469056
msnbc,2018-03-05/2018-03-11,-1.0724139423276118
msnbc,2018-03-12/2018-03-18,-1.2867822844792958
msnbc,2018-03-19/2018-03-25,1.281778073567975
msnbc,2018-03-26/2018-04-01,1.9376642203947985
msnbc,2018-04-02/2018-04-08,1.3174785971024225
msnbc,2018-04-09/2018-04-15,0.9621073762760776
msnbc,2018-04-16/2018-04-22,1.0107315297293933
msnbc,2018-04-23/2018-04-29,-1.5043368180864527
msnbc,2018-04-30/2018-05-06,-2.4490993483265147
msnbc,2018-05-07/2018-05-13,-1.6225207112100362
msnbc,2018-05-14/2018-05-20,-2.007221797910628
msnbc,2018-05-21/2018-05-27,-1.9194244474371547
msnbc,2018-05-28/2018-06-03,-2.0028262618255193
msnbc,2018-06-04/2018-06-10,-1.4593232813263015
msnbc,2018-06-11/2018-06-17,-2.6972345498523564
msnbc,2018-06-18/2018-06-24,-3.065081439738887
msnbc,2018-06-25/2018-07-01,-1.9401797472923412
msnbc,2018-07-02/2018-07-08,-1.4570061321790948
msnbc,2018-07-09/2018-07-15,-3.0731391617842285
msnbc,2018-07-16/2018-07-22,-2.7642198693511673
msnbc,2018-07-23/2018-07-29,-2.5778441965539476
msnbc,2018-07-30/2018-08-05,-2.9634086570483085
msnbc,2018-08-06/2018-08-12,-2.4219015657247613
msnbc,2018-08-13/2018-08-19,-2.3947579045708234
msnbc,2018-08-20/2018-08-26,-2.949577347433313
msnbc,2018-08-27/2018-09-02,-2.233023002070824
msnbc,2018-09-03/2018-09-09,-2.330989225592642
msnbc,2018-09-10/2018-09-16,-4.365698104418114
msnbc,2018-09-17/2018-09-23,-2.661757302846675
msnbc,2018-09-24/2018-09-30,-2.6692505413397916
msnbc,2018-10-01/2018-10-07,-2.14344857047247
msnbc,2018-10-08/2018-10-14,-3.194487399408222
msnbc,2018-10-15/2018-10-21,-2.9578313650921366
msnbc,2018-10-22/2018-10-28,-3.625992377742172
msnbc,2018-10-29/2018-11-04,-2.429667098248034
msnbc,2018-11-05/2018-11-11,-2.1714021406834703
msnbc,2018-11-12/2018-11-18,-3.246365438340773
msnbc,2018-11-19/2018-11-25,-2.7556711161426364
msnbc,2018-11-26/2018-12-02,-3.486373165580838
msnbc,2018-12-03/2018-12-09,-3.2334400539127413
msnbc,2018-12-10/2018-12-16,-3.449517970549351
msnbc,2018-12-17/2018-12-23,-3.529995486291495
msnbc,2018-12-24/2018-12-30,-1.5875444002102652
msnbc,2018-12-31/2019-01-06,-1.9472700740970925
msnbc,2019-01-07/2019-01-13,-2.3457077544983562
msnbc,2019-01-14/2019-01-20,-2.6130289901066615
msnbc,2019-01-21/2019-01-27,-2.388676759333168
msnbc,2019-01-28/2019-02-03,-2.009843945695482
msnbc,2019-02-04/2019-02-10,-2.4919415464717334
msnbc,2019-02-11/2019-02-17,-2.904191867767517
msnbc,2019-02-18/2019-02-24,-3.177955707084945
msnbc,2019-02-25/2019-03-03,-3.4937904750835074
msnbc,2019-03-04/2019-03-10,-2.627524265010838
msnbc,2019-03-11/2019-03-17,-3.1325835759646417
msnbc,2019-03-18/2019-03-24,-2.285320796525341
msnbc,2019-03-25/2019-03-31,-1.454594093525792
msnbc,2019-04-01/2019-04-07,-2.4408349744016546
msnbc,2019-04-08/2019-04-14,-3.5548295023346745
msnbc,2019-04-15/2019-04-21,-2.302272437447854
msnbc,2019-04-22/2019-04-28,-3.1577821188683455
msnbc,2019-04-29/2019-05-05,-1.9632971397287873
msnbc,2019-05-06/2019-05-12,-2.456944823764096
msnbc,2019-05-13/2019-05-19,-2.6174083277532105
msnbc,2019-05-20/2019-05-26,-2.78157881182137
msnbc,2019-05-27/2019-06-02,-2.4791157710704455
msnbc,2019-06-03/2019-06-09,-2.6973610174205187
msnbc,2019-06-10/2019-06-16,-2.884449052954134
msnbc,2019-06-17/2019-06-23,-3.2819086331128013
msnbc,2019-06-24/2019-06-30,-2.7963174869710747
msnbc,2019-07-01/2019-07-07,-2.614800840167737
msnbc,2019-07-08/2019-07-14,-3.11825433607045
msnbc,2019-07-15/2019-07-21,-3.649442064028221
msnbc,2019-07-22/2019-07-28,-1.6144419552626008
msnbc,2019-07-29/2019-08-04,-3.2102475449239183
msnbc,2019-08-05/2019-08-11,-4.88364058057397
msnbc,2019-08-12/2019-08-18,-3.42315742044236
msnbc,2019-08-19/2019-08-25,-2.3999509151305993
msnbc,2019-08-26/2019-09-01,-3.1611293599902557
msnbc,2019-09-02/2019-09-08,-3.316093781812885
msnbc,2019-09-09/2019-09-15,-2.6080806853687837
msnbc,2019-09-16/2019-09-22,-2.744089399857611
msnbc,2019-09-23/2019-09-29,-4.08496626627178
msnbc,2019-09-30/2019-10-06,-3.6215272282843203
msnbc,2019-10-07/2019-10-13,-3.140415829617854
msnbc,2019-10-14/2019-10-20,-3.1084697647972392
msnbc,2019-10-21/2019-10-27,-2.4279691358332176
msnbc,2019-10-28/2019-11-03,-3.1997864156966305
msnbc,2019-11-04/2019-11-10,-3.226211367293531
msnbc,2019-11-11/2019-11-17,-3.1163929633640213
msnbc,2019-11-18/2019-11-24,-2.9785701351472897
msnbc,2019-11-25/2019-12-01,-2.57465419221937
msnbc,2019-12-02/2019-12-08,-3.9033348872902542
msnbc,2019-12-09/2019-12-15,-3.627535110865152
msnbc,2019-12-16/2019-12-22,-3.6217362641798863
msnbc,2019-12-23/2019-12-29,-2.4427643295314025
msnbc,2019-12-30/2020-01-05,-3.912230348327159
msnbc,2020-01-06/2020-01-12,-4.102339830084879
msnbc,2020-01-13/2020-01-19,-3.5021845052757516
msnbc,2020-01-20/2020-01-26,-4.732882572473287
msnbc,2020-01-27/2020-02-02,-3.8900744581520685
msnbc,2020-02-03/2020-02-09,-2.245400897241627
msnbc,2020-02-10/2020-02-16,-1.912306842290628
msnbc,2020-02-17/2020-02-23,-1.259319024897708
msnbc,2020-02-24/2020-03-01,-1.883698443580713
msnbc,2020-03-02/2020-03-08,-0.6498821032491315
msnbc,2020-03-09/2020-03-15,-2.725658893201841
msnbc,2020-03-16/2020-03-22,-2.8390828299769697
msnbc,2020-03-23/2020-03-29,-2.2768666985265127
msnbc,2020-03-30/2020-04-05,-2.5678916790702666
msnbc,2020-04-06/2020-04-12,-2.764289521845873
msnbc,2020-04-13/2020-04-19,-2.0190791700301984
msnbc,2020-04-20/2020-04-26,-2.548767596027175
msnbc,2020-04-27/2020-05-03,-2.873529307489164
msnbc,2020-05-04/2020-05-10,-2.6880551387529974
msnbc,2020-05-11/2020-05-17,-2.7397213767900412
msnbc,2020-05-18/2020-05-24,-1.9201974185849189
msnbc,2020-05-25/2020-05-31,-4.949129403430609
msnbc,2020-06-01/2020-06-07,-5.281749217170004
msnbc,2020-06-08/2020-06-14,-3.4664839811329538
msnbc,2020-06-15/2020-06-21,-2.7484145734603973
msnbc,2020-06-22/2020-06-28,-3.07752860249717
msnbc,2020-06-29/2020-07-05,-2.1897604085358235
msnbc,2020-07-06/2020-07-12,-2.644009811432194
msnbc,2020-07-13/2020-07-19,-2.8096967529353396
msnbc,2020-07-20/2020-07-26,-3.074934808222801
msnbc,2020-07-27/2020-08-02,-3.686126693429646
msnbc,2020-08-03/2020-08-09,-3.1205176449007332
msnbc,2020-08-10/2020-08-16,-2.0667000917385008
msnbc,2020-08-17/2020-08-23,-2.202183072774566
msnbc,2020-08-24/2020-08-30,-3.2191842789766465
msnbc,2020-08-31/2020-09-06,-3.5244401415064903
msnbc,2020-09-07/2020-09-13,-4.056575681872257
msnbc,2020-09-14/2020-09-20,-3.423844868227361
msnbc,2020-09-21/2020-09-27,-2.2413687901460593
msnbc,2020-09-28/2020-10-04,-3.4439384502710366
msnbc,2020-10-05/2020-10-11,-2.560411825322385
msnbc,2020-10-12/2020-10-18,-1.8482627945462908
msnbc,2020-10-19/2020-10-25,-3.321693142062498
msnbc,2020-10-26/2020-11-01,-2.555119998638865
msnbc,2020-11-02/2020-11-08,-0.7482209672160645
msnbc,2020-11-09/2020-11-15,-2.390528868662741
msnbc,2020-11-16/2020-11-22,-2.904495016087512
msnbc,2020-11-23/2020-11-29,-1.6574373615971207
msnbc,2020-11-30/2020-12-06,-2.327326071665346
msnbc,2020-12-07/2020-12-13,-2.036667682791032
msnbc,2020-12-14/2020-12-20,-2.1502261568902603
msnbc,2020-12-21/2020-12-27,-1.85625149376297
msnbc,2020-12-28/2021-01-03,-2.0543112083498904
msnbc,2021-01-04/2021-01-10,-4.041844744663985
msnbc,2021-01-11/2021-01-17,-4.105859666640496
msnbc,2021-01-18/2021-01-24,-1.8003248138135708
msnbc,2021-01-25/2021-01-31,-2.8779798779900023
msnbc,2021-02-01/2021-02-07,-2.6721313837869807
msnbc,2021-02-08/2021-02-14,-5.161380083482291
msnbc,2021-02-15/2021-02-21,-3.129414232174848
msnbc,2021-02-22/2021-02-28,-2.174205685206841
msnbc,2021-03-01/2021-03-07,-2.9643169829486062
msnbc,2021-03-08/2021-03-14,-1.4726473587095934
msnbc,2021-03-15/2021-03-21,-3.5423445702977383
msnbc,2021-03-22/2021-03-28,-3.8538553364445107
msnbc,2021-03-29/2021-04-04,-2.8153110545061244
msnbc,2021-04-05/2021-04-11,-2.7621999883975885
msnbc,2021-04-12/2021-04-18,-3.6407417771579658
msnbc,2021-04-19/2021-04-25,-3.525338658923314
msnbc,2021-04-26/2021-05-02,-1.839770320869254
msnbc,2021-05-03/2021-05-09,-2.981208972670191
msnbc,2021-05-10/2021-05-16,-2.881245213989684
msnbc,2021-05-17/2021-05-23,-3.711958748028713
msnbc,2021-05-24/2021-05-30,-3.2166914182236126
msnbc,2021-05-31/2021-06-06,-2.880023135862333
msnbc,2021-06-07/2021-06-13,-2.2479196304666607
msnbc,2021-06-14/2021-06-20,-1.704589706369996
msnbc,2021-06-21/2021-06-27,-2.7093043675841693
msnbc,2021-06-28/2021-07-04,-3.024030013875982
msnbc,2021-07-05/2021-07-11,-2.7490689973475906
msnbc,2021-07-12/2021-07-18,-3.0943780712877156
msnbc,2021-07-19/2021-07-25,-3.62285660491048
msnbc,2021-07-26/2021-08-01,-2.842566353303222
msnbc,2021-08-02/2021-08-08,-3.1315823861010013
msnbc,2021-08-09/2021-08-15,-3.5955566885509924
msnbc,2021-08-16/2021-08-22,-3.7217973086020737
msnbc,2021-08-23/2021-08-29,-3.6150977272858844
msnbc,2021-08-30/2021-09-05,-4.784231969018291
msnbc,2021-09-06/2021-09-12,-3.0022070302627037
msnbc,2021-09-13/2021-09-19,-2.6616425056195676
msnbc,2021-09-20/2021-09-26,-3.4633750956964184
msnbc,2021-09-27/2021-10-03,-2.6318167987508128
msnbc,2021-10-04/2021-10-10,-3.557945683131189
msnbc,2021-10-11/2021-10-17,-3.025782258197279
msnbc,2021-10-18/2021-10-24,-3.5622625230639273
msnbc,2021-10-25/2021-10-31,-2.7506825744702468
msnbc,2021-11-01/2021-11-07,-2.4090557432527944
msnbc,2021-11-08/2021-11-14,-3.623323335828346
msnbc,2021-11-15/2021-11-21,-3.4687789675661977
msnbc,2021-11-22/2021-11-28,-3.976157741119959
msnbc,2021-11-29/2021-12-05,-3.934405623798371
msnbc,2021-12-06/2021-12-12,-2.6463944029230504
msnbc,2021-12-13/2021-12-19,-3.1247567579147533
msnbc,2021-12-20/2021-12-26,-2.394593092904834
msnbc,2021-12-27/2022-01-02,-2.5858431246475115
msnbc,2022-01-03/2022-01-09,-3.5766080864708423
msnbc,2022-01-10/2022-01-16,-3.3691929749295073
msnbc,2022-01-17/2022-01-23,-2.7139046220881697
msnbc,2022-01-24/2022-01-30,-2.046604497084017
msnbc,2022-01-31/2022-02-06,-3.2648905741780325
msnbc,2022-02-07/2022-02-13,-3.105190154620513
msnbc,2022-02-14/2022-02-20,-3.347294571443488
msnbc,2022-02-21/2022-02-27,-3.1069231834201383
msnbc,2022-02-28/2022-03-06,-3.4852412353850815
msnbc,2022-03-07/2022-03-13,-3.413722548015362
msnbc,2022-03-14/2022-03-20,-2.8869405896108598
msnbc,2022-03-21/2022-03-27,-2.850309034233855
msnbc,2022-03-28/2022-04-03,-2.497204216745733
msnbc,2022-04-04/2022-04-10,-3.3520291890862155
msnbc,2022-04-11/2022-04-17,-3.6225371307491803
msnbc,2022-04-18/2022-04-24,-3.1817842405247507
msnbc,2022-04-25/2022-05-01,-3.017696825037129
msnbc,2022-05-02/2022-05-08,-2.9348769463276643
msnbc,2022-05-09/2022-05-15,-3.526180173960409
msnbc,2022-05-16/2022-05-22,-3.3245019207784052
msnbc,2022-05-23/2022-05-29,-3.818587285786933
msnbc,2022-05-30/2022-06-05,-3.8206162866219753
msnbc,2022-06-06/2022-06-12,-2.86469115367438
msnbc,2022-06-13/2022-06-19,-2.8590681640613718
msnbc,2022-06-20/2022-06-26,-2.751029236229867
msnbc,2022-06-27/2022-07-03,-2.594542708596809
msnbc,2022-07-04/2022-07-10,-4.31265463343228
msnbc,2022-07-11/2022-07-17,-3.4582435488380767
msnbc,2022-07-18/2022-07-24,-3.235137564430353
msnbc,2022-07-25/2022-07-31,-3.0492137703080666
msnbc,2022-08-01/2022-08-07,-3.4190767511350293
msnbc,2022-08-08/2022-08-14,-2.934275171048834
msnbc,2022-08-15/2022-08-21,-3.204704176016542
msnbc,2022-08-22/2022-08-28,-2.499079901308576
msnbc,2022-08-29/2022-09-04,-2.8164644160636567
msnbc,2022-09-05/2022-09-11,-1.9866655529764716
msnbc,2022-09-12/2022-09-18,-3.2192790656448507
msnbc,2022-09-19/2022-09-25,-3.346100953836957
msnbc,2022-09-26/2022-10-02,-3.8997493747621483
msnbc,2022-10-03/2022-10-09,-3.0890388486517284
msnbc,2022-10-10/2022-10-16,-2.94353580876301
msnbc,2022-10-17/2022-10-23,-3.0704100114747717
msnbc,2022-10-24/2022-10-30,-3.4056505865838442
msnbc,2022-10-31/2022-11-06,-3.2197734069705044
msnbc,2022-11-07/2022-11-13,-1.088908149222917
msnbc,2022-11-14/2022-11-20,-1.799157679638569
msnbc,2022-11-21/2022-11-27,-4.100379001177433
msnbc,2022-11-28/2022-12-04,-2.8006789027022214
msnbc,2022-12-05/2022-12-11,-2.2558165052717265
msnbc,2022-12-12/2022-12-18,-2.7982727245597285
msnbc,2022-12-19/2022-12-25,-2.338372238193762
msnbc,2022-12-26/2023-01-01,-2.965505062459514
msnbc,2023-01-02/2023-01-08,-2.471529375818464
msnbc,2023-01-09/2023-01-15,-3.1256995165322317
msnbc,2023-01-16/2023-01-22,-3.3674210118343364
msnbc,2023-01-23/2023-01-29,-3.6762072014159326
msnbc,2023-01-30/2023-02-05,-3.4423136254617384
msnbc,2023-02-06/2023-02-12,-2.6885668472500543
msnbc,2023-02-13/2023-02-19,-2.948018834049078
msnbc,2023-02-20/2023-02-26,-2.618981660532608
msnbc,2023-02-27/2023-03-05,-2.5808863992900113
msnbc,2023-03-06/2023-03-12,-3.480222134981889
msnbc,2023-03-13/2023-03-19,-3.1921644459476517
msnbc,2023-03-20/2023-03-26,-3.389399279213832
msnbc,2023-03-27/2023-04-02,-4.488178015180487
msnbc,2023-04-03/2023-04-09,-4.615920250480534
msnbc,2023-04-10/2023-04-16,-3.3778243143468116
msnbc,2023-04-17/2023-04-23,-4.077204306226913
msnbc,2023-04-24/2023-04-30,-3.3801761650580606
msnbc,2023-05-01/2023-05-07,-3.930038388637055
msnbc,2023-05-08/2023-05-14,-4.463706286565784
msnbc,2023-05-15/2023-05-21,-3.8459863347589187
msnbc,2023-05-22/2023-05-28,-3.4372961086473564
msnbc,2023-05-29/2023-06-04,-2.5523345087704916
msnbc,2023-06-05/2023-06-11,-2.88266200977647
msnbc,2023-06-12/2023-06-18,-3.566000986573657
msnbc,2023-06-19/2023-06-25,-3.2470483935860495
msnbc,2023-06-26/2023-07-02,-2.744756854763225
msnbc,2023-07-03/2023-07-09,-2.6494173526374043
msnbc,2023-07-10/2023-07-16,-3.01934588406315
msnbc,2023-07-17/2023-07-23,-3.124697047442848
msnbc,2023-07-24/2023-07-30,-3.6242738433232042
msnbc,2023-07-31/2023-08-06,-4.440959761212087
msnbc,2023-08-07/2023-08-13,-3.1336520685125935
msnbc,2023-08-14/2023-08-20,-4.085873257404385
msnbc,2023-08-21/2023-08-27,-3.7435783109907286
msnbc,2023-08-28/2023-09-03,-3.527011975078533
msnbc,2023-09-04/2023-09-10,-4.004267307060268
msnbc,2023-09-11/2023-09-17,-3.637583714739736
msnbc,2023-09-18/2023-09-24,-3.108716425000011
msnbc,2023-09-25/2023-10-01,-3.5607206771184403
msnbc,2023-10-02/2023-10-08,-3.5626118136544465
msnbc,2023-10-09/2023-10-15,-3.826973672634819
msnbc,2023-10-16/2023-10-22,-3.903002639341013
msnbc,2023-10-23/2023-10-29,-3.6374733707092606
msnbc,2023-10-30/2023-11-05,-3.5269323792377856
msnbc,2023-11-06/2023-11-12,-3.193825060355061
msnbc,2023-11-13/2023-11-19,-3.8711087951136043
msnbc,2023-11-20/2023-11-26,-3.4273005958750473
msnbc,2023-11-27/2023-12-03,-3.6004120331708456
msnbc,2023-12-04/2023-12-10,-3.614636799127214
msnbc,2023-12-11/2023-12-17,-3.3670718899886434
msnbc,2023-12-18/2023-12-24,-2.8192305422663897
msnbc,2023-12-25/2023-12-31,-3.26322635502968
msnbc,2024-01-01/2024-01-07,-3.277513684739631
msnbc,2024-01-08/2024-01-14,-3.5685543830849937
msnbc,2024-01-15/2024-01-21,-2.700266194774441
msnbc,2024-01-22/2024-01-28,-2.629083493448293
msnbc,2024-01-29/2024-02-04,-2.811797597114232
msnbc,2024-02-05/2024-02-11,-2.323626560189373
msnbc,2024-02-12/2024-02-18,-2.755174413528185
msnbc,2024-02-19/2024-02-25,-3.1216873557541045
msnbc,2024-02-26/2024-03-03,-2.320700028734387
msnbc,2024-03-04/2024-03-10,-1.9705439123053223
msnbc,2024-03-11/2024-03-17,-3.480387657111807
msnbc,2024-03-18/2024-03-24,-3.8600230542112173
msnbc,2024-03-25/2024-03-31,-2.9306708260781993
msnbc,2024-04-01/2024-04-07,-3.0892268776162743
msnbc,2024-04-08/2024-04-14,-3.978845584735644
msnbc,2024-04-15/2024-04-21,-3.914640184740862
msnbc,2024-04-22/2024-04-28,-4.164775980626672
msnbc,2024-04-29/2024-05-05,-4.682915043564197
msnbc,2024-05-06/2024-05-12,-3.8897414260107306
msnbc,2024-05-13/2024-05-19,-3.139235846582828
msnbc,2024-05-20/2024-05-26,-3.5032562504634734
msnbc,2024-05-27/2024-06-02,-4.839464977940733
msnbc,2024-06-03/2024-06-09,-3.997737081171308
msnbc,2024-06-10/2024-06-16,-3.0200759840973266
msnbc,2024-06-17/2024-06-23,-3.15057679530669
msnbc,2024-06-24/2024-06-30,-4.011760562775907
msnbc,2024-07-01/2024-07-07,-2.85900163025336
msnbc,2024-07-08/2024-07-14,-2.513171673433627
msnbc,2024-07-15/2024-07-21,-2.0204145365752244
msnbc,2024-07-22/2024-07-28,-1.3231223056006158
msnbc,2024-07-29/2024-08-04,-2.17543146784805
msnbc,2024-08-05/2024-08-11,-2.1632243407421003
msnbc,2024-08-12/2024-08-18,-2.6138829809584916
msnbc,2024-08-19/2024-08-25,-0.8533573588485955
msnbc,2024-08-26/2024-09-01,-2.5384396368313835
msnbc,2024-09-02/2024-09-08,-3.818697125887382
msnbc,2024-09-09/2024-09-15,-4.049656135798821
msnbc,2024-09-16/2024-09-22,-3.790494551598397
msnbc,2024-09-23/2024-09-29,-3.313970610167152
msnbc,2024-09-30/2024-10-06,-3.7752371391260064
msnbc,2024-10-07/2024-10-13,-3.9460508316412617
msnbc,2024-10-14/2024-10-20,-3.354380146834104
msnbc,2024-10-21/2024-10-27,-2.489049138595221
msnbc,2024-10-28/2024-11-03,-2.6972609148244118
msnbc,2024-11-04/2024-11-10,-1.8803816003851932
msnbc,2024-11-11/2024-11-17,-1.759383159154664
msnbc,2024-11-18/2024-11-24,-3.122322667334405
msnbc,2024-11-25/2024-12-01,-2.4907721601312014
msnbc,2024-12-02/2024-12-08,-2.7150959627648135
msnbc,2024-12-09/2024-12-15,-2.5721680594431713
msnbc,2024-12-16/2024-12-22,-3.1983461175316212
msnbc,2024-12-23/2024-12-29,-2.4684446568271725
msnbc,2024-12-30/2025-01-05,-3.3337282397611303
msnbc,2025-01-06/2025-01-12,-2.659747781832615
msnbc,2025-01-13/2025-01-19,-2.740645459304889
msnbc,2025-01-20/2025-01-26,-2.150320192178543
msnbc,2025-01-27/2025-02-02,-2.8561458796057613
msnbc,2025-02-03/2025-02-09,-2.0073872268114545
msnbc,2025-02-10/2025-02-16,-3.0079918766312677
msnbc,2025-02-17/2025-02-23,-2.4714189063701855
msnbc,2025-02-24/2025-03-02,-2.5945928995042804
msnbc,2025-03-03/2025-03-09,-2.715383270093181
msnbc,2025-03-10/2025-03-16,-3.274879709263275
msnbc,2025-03-17/2025-03-23,-3.175314664518306
msnbc,2025-03-24/2025-03-30,-3.2260346242303184
msnbc,2025-03-31/2025-04-06,-2.4217953964898964
